<?xml version = '1.0' encoding = 'UTF-8'?>
<Diagram class="oracle.dbtools.crest.swingui.logical.DPVLogical" name="Logical" id="2F11C1F2-C127-D8C1-51FF-2E3C63E867A0">
<createdBy>lianl</createdBy>
<modifiedBy>lianl</modifiedBy>
<createdTime>2026-01-31 20:41:50 UTC</createdTime>
<autoRoute>false</autoRoute>
<boxInbox>false</boxInbox>
<showLegend>false</showLegend>
<showLabels>false</showLabels>
<showRelAttributes>true</showRelAttributes>
<gridEnabled>true</gridEnabled>
<showGrid>false</showGrid>
<diagramColor>-1</diagramColor>
<display>false</display>
<notation>0</notation>
<objectViews>
<OView class="oracle.dbtools.crest.swingui.logical.TVEntity" oid="063B2AFD-C1E5-8206-1EFE-15F9E7CD6D18" otype="Entity" vid="2B8567FB-BB80-6C22-7CEE-438B4E837566">
<hideElementsInCurrentOnly>false</hideElementsInCurrentOnly>
<bounds x="80" y="90" width="261" height="151"/>
</OView>
<OView class="oracle.dbtools.crest.swingui.logical.TVEntity" oid="1330B840-5C1A-1788-057B-3CB5EBB83D11" otype="Entity" vid="E2C71CB6-CF3B-23F6-6CAF-34AFFB9C3A96">
<hideElementsInCurrentOnly>false</hideElementsInCurrentOnly>
<bounds x="460" y="100" width="261" height="110"/>
</OView>
<OView class="oracle.dbtools.crest.swingui.logical.TVEntity" oid="1C10AAEF-970F-6E57-51C2-A745ABD5A397" otype="Entity" vid="159A4927-BD7E-C69C-0CF1-6B763B3A7737">
<hideElementsInCurrentOnly>false</hideElementsInCurrentOnly>
<bounds x="470" y="290" width="165" height="81"/>
</OView>
<OView class="oracle.dbtools.crest.swingui.logical.TVEntity" oid="411C6D6B-6EB3-59B0-07AF-09E8ABC0860E" otype="Entity" vid="79EFE7CC-1E82-9DAA-AE79-CA9B86A6FE59">
<hideElementsInCurrentOnly>false</hideElementsInCurrentOnly>
<bounds x="760" y="580" width="221" height="110"/>
</OView>
<OView class="oracle.dbtools.crest.swingui.logical.TVEntity" oid="45AE772C-5FF6-54D2-C789-82ED020DC5BD" otype="Entity" vid="53D83A01-644E-062B-7EF1-0E1F0B38F6AE">
<hideElementsInCurrentOnly>false</hideElementsInCurrentOnly>
<bounds x="790" y="110" width="200" height="87"/>
</OView>
<OView class="oracle.dbtools.crest.swingui.logical.TVEntity" oid="AC2073B1-5685-CEBF-BEA3-18B50EEC6C2B" otype="Entity" vid="60E53525-BC53-C2ED-28FE-34DEAFB1F462">
<hideElementsInCurrentOnly>false</hideElementsInCurrentOnly>
<bounds x="460" y="390" width="201" height="42"/>
</OView>
<OView class="oracle.dbtools.crest.swingui.logical.TVEntity" oid="AD6A29B3-2724-432E-533B-E6FBB07F5F88" otype="Entity" vid="863CF469-56DE-4182-8176-EAF7CAA037B4">
<hideElementsInCurrentOnly>false</hideElementsInCurrentOnly>
<bounds x="90" y="470" width="247" height="291"/>
</OView>
<OView class="oracle.dbtools.crest.swingui.logical.TVEntity" oid="B32D1F22-8204-BA58-AF1B-A6DFBD5B277A" otype="Entity" vid="FAC4D19A-C681-6BED-1B7F-7C656271C976">
<hideElementsInCurrentOnly>false</hideElementsInCurrentOnly>
<bounds x="780" y="290" width="242" height="225"/>
</OView>
<OView class="oracle.dbtools.crest.swingui.logical.TVEntity" oid="E757A688-55CD-028A-0503-741E64DC897A" otype="Entity" vid="67288EDD-70AB-DD7A-5604-255942167900">
<hideElementsInCurrentOnly>false</hideElementsInCurrentOnly>
<bounds x="100" y="290" width="230" height="117"/>
</OView>
</objectViews>
<connectors>
<Connector class="oracle.dbtools.crest.swingui.logical.TVInheritanceRelation" oid="32AA017D-0674-B752-EB00-E19E167669C4" otype="Hierarchy relation" vid_source="67288EDD-70AB-DD7A-5604-255942167900" vid_target="159A4927-BD7E-C69C-0CF1-6B763B3A7737">
<hideElementsInCurrentOnly>false</hideElementsInCurrentOnly>
<backgroundColor>-65536</backgroundColor>
<lineWidth>1</lineWidth>
<points>
<point x="330" y="330"/>
<point x="470" y="330"/>
</points>
</Connector>
<Connector class="oracle.dbtools.crest.swingui.logical.TVRelation" oid="340AA25B-E266-701E-EF3D-FF0201F57CFB" otype="Relation" vid_source="863CF469-56DE-4182-8176-EAF7CAA037B4" vid_target="79EFE7CC-1E82-9DAA-AE79-CA9B86A6FE59">
<hideElementsInCurrentOnly>false</hideElementsInCurrentOnly>
<backgroundColor>-16777216</backgroundColor>
<lineWidth>1</lineWidth>
<centerLabel class="oracle.dbtools.crest.model.design.Label">
<site>1</site>
<labelBounds x="30" y="0" width="221" height="90"/>
<noBackgroundColor>true</noBackgroundColor>
<noForegroundColor>true</noForegroundColor>
</centerLabel>
<points>
<point x="337" y="650"/>
<point x="760" y="650"/>
</points>
</Connector>
<Connector class="oracle.dbtools.crest.swingui.logical.TVRelation" oid="414DDC70-2961-BC6A-4233-EE98E5AC71C7" otype="Relation" vid_source="FAC4D19A-C681-6BED-1B7F-7C656271C976" vid_target="863CF469-56DE-4182-8176-EAF7CAA037B4">
<hideElementsInCurrentOnly>false</hideElementsInCurrentOnly>
<backgroundColor>-16777216</backgroundColor>
<lineWidth>1</lineWidth>
<points>
<point x="780" y="492"/>
<point x="337" y="492"/>
</points>
</Connector>
<Connector class="oracle.dbtools.crest.swingui.logical.TVInheritanceRelation" oid="773A8BE2-9AAB-CC99-B669-1FCF08F803B2" otype="Hierarchy relation" vid_source="67288EDD-70AB-DD7A-5604-255942167900" vid_target="60E53525-BC53-C2ED-28FE-34DEAFB1F462">
<hideElementsInCurrentOnly>false</hideElementsInCurrentOnly>
<backgroundColor>-65536</backgroundColor>
<lineWidth>1</lineWidth>
<points>
<point x="330" y="398"/>
<point x="460" y="398"/>
</points>
</Connector>
<Connector class="oracle.dbtools.crest.swingui.logical.TVRelation" oid="77925378-9856-10DC-2413-4A69D5517495" otype="Relation" vid_source="863CF469-56DE-4182-8176-EAF7CAA037B4" vid_target="67288EDD-70AB-DD7A-5604-255942167900">
<hideElementsInCurrentOnly>false</hideElementsInCurrentOnly>
<backgroundColor>-16777216</backgroundColor>
<lineWidth>1</lineWidth>
<points>
<point x="215" y="470"/>
<point x="215" y="407"/>
</points>
</Connector>
<Connector class="oracle.dbtools.crest.swingui.logical.TVRelation" oid="C18E2A1E-54D7-7BD1-4AE1-479AD41EFDEC" otype="Relation" vid_source="2B8567FB-BB80-6C22-7CEE-438B4E837566" vid_target="FAC4D19A-C681-6BED-1B7F-7C656271C976">
<hideElementsInCurrentOnly>false</hideElementsInCurrentOnly>
<backgroundColor>-16777216</backgroundColor>
<lineWidth>1</lineWidth>
<points>
<point x="290" y="90"/>
<point x="290" y="70"/>
<point x="1090" y="70"/>
<point x="1090" y="330"/>
<point x="1022" y="330"/>
</points>
</Connector>
<Connector class="oracle.dbtools.crest.swingui.logical.TVRelation" oid="DBE87E0B-8937-7E99-DD06-4E19E4730366" otype="Relation" vid_source="53D83A01-644E-062B-7EF1-0E1F0B38F6AE" vid_target="E2C71CB6-CF3B-23F6-6CAF-34AFFB9C3A96">
<hideElementsInCurrentOnly>false</hideElementsInCurrentOnly>
<backgroundColor>-16777216</backgroundColor>
<lineWidth>1</lineWidth>
<points>
<point x="790" y="153"/>
<point x="721" y="153"/>
</points>
</Connector>
<Connector class="oracle.dbtools.crest.swingui.logical.TVRelation" oid="E4843F86-54D7-7CE0-D4AD-283A69D8124E" otype="Relation" vid_source="159A4927-BD7E-C69C-0CF1-6B763B3A7737" vid_target="E2C71CB6-CF3B-23F6-6CAF-34AFFB9C3A96">
<hideElementsInCurrentOnly>false</hideElementsInCurrentOnly>
<backgroundColor>-16777216</backgroundColor>
<lineWidth>1</lineWidth>
<points>
<point x="552" y="290"/>
<point x="552" y="210"/>
</points>
</Connector>
<Connector class="oracle.dbtools.crest.swingui.logical.TVRelation" oid="FBE33EAD-C890-F348-78E8-866C0BC6FC14" otype="Relation" vid_source="2B8567FB-BB80-6C22-7CEE-438B4E837566" vid_target="67288EDD-70AB-DD7A-5604-255942167900">
<hideElementsInCurrentOnly>false</hideElementsInCurrentOnly>
<backgroundColor>-16777216</backgroundColor>
<lineWidth>1</lineWidth>
<points>
<point x="215" y="241"/>
<point x="215" y="290"/>
</points>
</Connector>
</connectors>
</Diagram>