<?xml version = '1.0' encoding = 'UTF-8'?>
<Relation class="oracle.dbtools.crest.model.design.logical.Relation" name="Relation_13" directorySegmentName="seg_0" id="414DDC70-2961-BC6A-4233-EE98E5AC71C7">
<createdBy>danie</createdBy>
<createdTime>2026-02-03 00:18:14 UTC</createdTime>
<ownerDesignName>sumativa2_cambios</ownerDesignName>
<engineerTo>
<item key="8F17375C-7890-8D43-0141-7222F5C201AE" value="true"/>
</engineerTo>
<sourceTransferable>false</sourceTransferable>
<targetTransferable>false</targetTransferable>
<targetPk>A82B3292-4183-A5FA-5F75-67FAA0210CA5</targetPk>
<identifying>false</identifying>
<optionalSource>true</optionalSource>
<optionalTarget>false</optionalTarget>
<sourceCardinality>1</sourceCardinality>
<sourceEntity>B32D1F22-8204-BA58-AF1B-A6DFBD5B277A</sourceEntity>
<targetCardinalityString>1</targetCardinalityString>
<targetEntity>AD6A29B3-2724-432E-533B-E6FBB07F5F88</targetEntity>
<transferable>true</transferable>
<deleteRule>NO ACTION</deleteRule>
</Relation>