<?xml version = '1.0' encoding = 'UTF-8'?>
<Relation class="oracle.dbtools.crest.model.design.logical.Relation" name="Relation_7" directorySegmentName="seg_0" id="77925378-9856-10DC-2413-4A69D5517495">
<createdBy>lianl</createdBy>
<createdTime>2026-01-31 21:46:39 UTC</createdTime>
<ownerDesignName>sumativa2_cambios</ownerDesignName>
<engineerTo>
<item key="8F17375C-7890-8D43-0141-7222F5C201AE" value="true"/>
</engineerTo>
<sourcePk>A82B3292-4183-A5FA-5F75-67FAA0210CA5</sourcePk>
<targetPk>77B3FBA0-D720-90DA-3093-0AB4F540DF0C</targetPk>
<identifying>false</identifying>
<optionalSource>false</optionalSource>
<optionalTarget>false</optionalTarget>
<sourceCardinality>1</sourceCardinality>
<sourceEntity>AD6A29B3-2724-432E-533B-E6FBB07F5F88</sourceEntity>
<targetCardinalityString>1</targetCardinalityString>
<targetEntity>E757A688-55CD-028A-0503-741E64DC897A</targetEntity>
<transferable>true</transferable>
<deleteRule>NO ACTION</deleteRule>
</Relation>