<?xml version = '1.0' encoding = 'UTF-8'?>
<Relation class="oracle.dbtools.crest.model.design.logical.Relation" name="Relation_8" directorySegmentName="seg_0" id="C18E2A1E-54D7-7BD1-4AE1-479AD41EFDEC">
<createdBy>danie</createdBy>
<createdTime>2026-02-03 00:17:17 UTC</createdTime>
<ownerDesignName>sumativa2_cambios</ownerDesignName>
<engineerTo>
<item key="8F17375C-7890-8D43-0141-7222F5C201AE" value="true"/>
</engineerTo>
<sourceTransferable>false</sourceTransferable>
<targetTransferable>false</targetTransferable>
<sourcePk>573C78A1-4B5A-4E60-5B02-045BDC599DE4</sourcePk>
<identifying>false</identifying>
<optionalSource>false</optionalSource>
<optionalTarget>false</optionalTarget>
<sourceCardinality>1</sourceCardinality>
<sourceEntity>063B2AFD-C1E5-8206-1EFE-15F9E7CD6D18</sourceEntity>
<targetCardinalityString>1</targetCardinalityString>
<targetEntity>B32D1F22-8204-BA58-AF1B-A6DFBD5B277A</targetEntity>
<transferable>true</transferable>
<deleteRule>NO ACTION</deleteRule>
</Relation>