<?xml version = '1.0' encoding = 'UTF-8'?>
<Relation class="oracle.dbtools.crest.model.design.logical.Relation" name="RESERVAR_VUELO" directorySegmentName="seg_0" id="0305D0F5-91FF-D9FF-780F-D513763D016B">
<createdBy>danie</createdBy>
<createdTime>2026-01-20 02:08:51 UTC</createdTime>
<ownerDesignName>Ejercio_1</ownerDesignName>
<engineerTo>
<item key="CA95AFBF-8A9E-EB72-B19E-18B8A5FBB9D6" value="true"/>
</engineerTo>
<sourcePk>B8CB6C5E-D92A-1C28-45FA-B4135FC163D2</sourcePk>
<identifying>false</identifying>
<optionalSource>false</optionalSource>
<optionalTarget>false</optionalTarget>
<sourceCardinality>1</sourceCardinality>
<sourceEntity>38D15A15-B17B-4A3A-4ECA-8668F1898DCA</sourceEntity>
<targetCardinalityString>*</targetCardinalityString>
<targetEntity>C0285D65-CA43-8320-A791-05033EBFB7A3</targetEntity>
<transferable>true</transferable>
<deleteRule>NO ACTION</deleteRule>
</Relation>