<?xml version = '1.0' encoding = 'UTF-8'?>
<Relation class="oracle.dbtools.crest.model.design.logical.Relation" name="RESERVA_ASIENTOS" directorySegmentName="seg_0" id="1237E141-7123-97D3-9101-4B75418BCBE9">
<createdBy>danie</createdBy>
<createdTime>2026-01-18 21:00:58 UTC</createdTime>
<ownerDesignName>Ejercio_1</ownerDesignName>
<engineerTo>
<item key="CA95AFBF-8A9E-EB72-B19E-18B8A5FBB9D6" value="true"/>
</engineerTo>
<sourcePk>527333F9-7FE1-EEFE-3EC9-806BCE5339D0</sourcePk>
<identifying>false</identifying>
<optionalSource>false</optionalSource>
<optionalTarget>true</optionalTarget>
<sourceCardinality>1</sourceCardinality>
<sourceEntity>C8B2AFA6-3CBA-5E7E-D635-BA5138ACED65</sourceEntity>
<targetCardinalityString>*</targetCardinalityString>
<targetEntity>C0285D65-CA43-8320-A791-05033EBFB7A3</targetEntity>
<transferable>true</transferable>
<deleteRule>NO ACTION</deleteRule>
</Relation>