<?xml version = '1.0' encoding = 'UTF-8'?>
<Relation class="oracle.dbtools.crest.model.design.logical.Relation" name="DEPARTAMENTO" directorySegmentName="seg_0" id="3AB54780-2FD6-FD81-69A6-5A62C4C680E0">
<createdBy>danie</createdBy>
<createdTime>2026-01-18 20:59:24 UTC</createdTime>
<ownerDesignName>Ejercio_1</ownerDesignName>
<engineerTo>
<item key="CA95AFBF-8A9E-EB72-B19E-18B8A5FBB9D6" value="true"/>
</engineerTo>
<sourcePk>33F4586F-BB7F-E4D3-2606-61FD1E694571</sourcePk>
<identifying>false</identifying>
<optionalSource>false</optionalSource>
<optionalTarget>false</optionalTarget>
<sourceCardinality>1</sourceCardinality>
<sourceEntity>4C5C2EF5-46F0-BE7D-9A32-EDBCB491694C</sourceEntity>
<targetCardinalityString>*</targetCardinalityString>
<targetEntity>38D15A15-B17B-4A3A-4ECA-8668F1898DCA</targetEntity>
<transferable>true</transferable>
<deleteRule>NO ACTION</deleteRule>
</Relation>