<?xml version = '1.0' encoding = 'UTF-8'?>
<Relation class="oracle.dbtools.crest.model.design.logical.Relation" name="Relation_4" directorySegmentName="seg_0" id="51930A5F-2B9C-44C5-CE4A-F10300B46745">
<createdBy>danie</createdBy>
<createdTime>2026-01-18 20:45:49 UTC</createdTime>
<ownerDesignName>Ejercio_1</ownerDesignName>
<engineerTo>
<item key="CA95AFBF-8A9E-EB72-B19E-18B8A5FBB9D6" value="true"/>
</engineerTo>
<sourcePk>527333F9-7FE1-EEFE-3EC9-806BCE5339D0</sourcePk>
<targetPk>A6E78661-DFA2-BD09-F70A-0D5C6FDB6EEB</targetPk>
<identifying>false</identifying>
<optionalSource>false</optionalSource>
<optionalTarget>false</optionalTarget>
<sourceCardinality>*</sourceCardinality>
<sourceEntity>C8B2AFA6-3CBA-5E7E-D635-BA5138ACED65</sourceEntity>
<targetCardinalityString>1</targetCardinalityString>
<targetEntity>B5EDA207-F43B-95CD-12E7-64EF0F94F990</targetEntity>
<transferable>true</transferable>
<deleteRule>NO ACTION</deleteRule>
</Relation>