<?xml version = '1.0' encoding = 'UTF-8'?>
<Relation class="oracle.dbtools.crest.model.design.logical.Relation" name="EQUIPAJE_PASAJERO" directorySegmentName="seg_0" id="99B1871B-59AD-6EDC-F582-A021075FB5F3">
<createdBy>danie</createdBy>
<createdTime>2026-01-20 02:04:23 UTC</createdTime>
<ownerDesignName>Ejercio_1</ownerDesignName>
<engineerTo>
<item key="CA95AFBF-8A9E-EB72-B19E-18B8A5FBB9D6" value="true"/>
</engineerTo>
<sourcePk>A00F5A64-8E4D-174E-20EA-026D68B6A2CF</sourcePk>
<identifying>true</identifying>
<optionalSource>false</optionalSource>
<optionalTarget>false</optionalTarget>
<sourceCardinality>1</sourceCardinality>
<sourceEntity>D022B377-34F3-DD82-5369-A46F4694E964</sourceEntity>
<targetCardinalityString>*</targetCardinalityString>
<targetEntity>624589A4-0693-D38A-FA4E-9E162EB66808</targetEntity>
<transferable>true</transferable>
<deleteRule>NO ACTION</deleteRule>
</Relation>