<?xml version = '1.0' encoding = 'UTF-8'?>
<Relation class="oracle.dbtools.crest.model.design.logical.Relation" name="RESERVAR_PASAJE" directorySegmentName="seg_0" id="AEBB11CB-FE52-0011-4B9A-599E40BDC949">
<createdBy>danie</createdBy>
<createdTime>2026-01-18 20:36:09 UTC</createdTime>
<ownerDesignName>Ejercio_1</ownerDesignName>
<engineerTo>
<item key="CA95AFBF-8A9E-EB72-B19E-18B8A5FBB9D6" value="true"/>
</engineerTo>
<sourcePk>A00F5A64-8E4D-174E-20EA-026D68B6A2CF</sourcePk>
<identifying>false</identifying>
<optionalSource>false</optionalSource>
<optionalTarget>true</optionalTarget>
<sourceCardinality>1</sourceCardinality>
<sourceEntity>D022B377-34F3-DD82-5369-A46F4694E964</sourceEntity>
<targetCardinalityString>*</targetCardinalityString>
<targetEntity>C0285D65-CA43-8320-A791-05033EBFB7A3</targetEntity>
<transferable>true</transferable>
<deleteRule>NO ACTION</deleteRule>
</Relation>