<?xml version = '1.0' encoding = 'UTF-8'?>
<Table class="oracle.dbtools.crest.model.design.relational.Table" directorySegmentName="seg_0" id="0491C607-1B84-440D-0425-AB53E0EC4048" name="SUCURSAL">
<createdBy>danie</createdBy>
<createdTime>2026-02-09 22:17:11 UTC</createdTime>
<generatorID>206A57A7-7EC0-44EE-0CE8-DC6CCD420087</generatorID>
<ownerDesignName>sumativa 2</ownerDesignName>
<allowColumnReorder>false</allowColumnReorder>
<existDependencyGenerateInDDl>true</existDependencyGenerateInDDl>
<parsed>true</parsed>
<columns itemClass="oracle.dbtools.crest.model.design.relational.Column">
<Column name="sigla" id="50C7E167-12F2-1129-C706-7D3A292161E6">
<createdBy>danie</createdBy>
<createdTime>2026-02-09 22:17:11 UTC</createdTime>
<generatorID>C60BEF26-8418-BC08-8F81-23E21E4E90C0</generatorID>
<ownerDesignName>sumativa 2</ownerDesignName>
<useDomainConstraints>false</useDomainConstraints>
<use>1</use>
<logicalDatatype>LOGDT025</logicalDatatype>
<dataTypeSize>4</dataTypeSize>
<ownDataTypeParameters>4,,</ownDataTypeParameters>
<autoIncrementCycle>false</autoIncrementCycle>
</Column>
<Column name="nombre" id="638BA13F-9B0A-4473-998C-9159082257C9">
<createdBy>danie</createdBy>
<createdTime>2026-02-09 22:17:11 UTC</createdTime>
<generatorID>B7C29306-C4A5-CA74-5987-2310F2CAB6B4</generatorID>
<ownerDesignName>sumativa 2</ownerDesignName>
<useDomainConstraints>false</useDomainConstraints>
<use>1</use>
<logicalDatatype>LOGDT024</logicalDatatype>
<dataTypeSize>15</dataTypeSize>
<ownDataTypeParameters>15,,</ownDataTypeParameters>
<autoIncrementCycle>false</autoIncrementCycle>
</Column>
<Column name="COMUNA_cod_comuna" id="7ED212EB-1422-1BB5-0174-351EE093B2E2">
<createdBy>danie</createdBy>
<createdTime>2026-02-09 22:17:11 UTC</createdTime>
<generatorID>FB038DED-E95F-EB03-B400-630A8A48B014</generatorID>
<ownerDesignName>sumativa 2</ownerDesignName>
<nullsAllowed>true</nullsAllowed>
<useDomainConstraints>false</useDomainConstraints>
<use>1</use>
<logicalDatatype>LOGDT019</logicalDatatype>
<dataTypePrecision>3</dataTypePrecision>
<ownDataTypeParameters>,,</ownDataTypeParameters>
<previousColumn>false</previousColumn>
<autoIncrementCycle>false</autoIncrementCycle>
<associations>
<colAssociation fkAssociation="BEF77392-CFFC-9D50-6410-C58BAFE445C2" referredColumn="D65511E6-8AC5-2CFD-D0AB-8D2AFEFF4199"/>
</associations>
</Column>
</columns>
<indexes itemClass="oracle.dbtools.crest.model.design.relational.Index">
<ind_PK_UK id="F0534BDD-57FD-CF6E-3E46-DECE087AF8A3" name="SUCURSAL_PK">
<createdBy>danie</createdBy>
<createdTime>2026-02-09 22:17:11 UTC</createdTime>
<generatorID>F4074AF0-CAFB-25B1-3E9A-AC890D9F8AED</generatorID>
<ownerDesignName>sumativa 2</ownerDesignName>
<pk>true</pk>
<indexState>Primary Constraint</indexState>
<isSurrogateKey>false</isSurrogateKey>
<indexColumnUsage>
<colUsage columnID="50C7E167-12F2-1129-C706-7D3A292161E6"/>
</indexColumnUsage>
</ind_PK_UK>
<ind_PK_UK id="133D9E34-FBD3-1BE0-A2D2-F2BD05654EFB" name="SUCURSAL_COMUNA_FK">
<createdBy>danie</createdBy>
<createdTime>2026-02-09 22:17:11 UTC</createdTime>
<generatorID>3C9CDAAD-65FD-B449-B255-1345EF58FC25</generatorID>
<ownerDesignName>sumativa 2</ownerDesignName>
<indexState>Foreign Key</indexState>
<isSurrogateKey>false</isSurrogateKey>
<indexColumnUsage>
<colUsage columnID="7ED212EB-1422-1BB5-0174-351EE093B2E2"/>
</indexColumnUsage>
</ind_PK_UK>
</indexes>
</Table>