<?xml version = '1.0' encoding = 'UTF-8'?>
<Table class="oracle.dbtools.crest.model.design.relational.Table" directorySegmentName="seg_0" id="11AB4979-46DE-2076-0FCA-99A9988870DE" name="PROVEEDOR">
<createdBy>danie</createdBy>
<createdTime>2026-02-09 22:17:11 UTC</createdTime>
<generatorID>C7C2D68D-7296-D89A-775D-AC23662F043B</generatorID>
<ownerDesignName>sumativa 2</ownerDesignName>
<allowColumnReorder>false</allowColumnReorder>
<existDependencyGenerateInDDl>true</existDependencyGenerateInDDl>
<parsed>true</parsed>
<columns itemClass="oracle.dbtools.crest.model.design.relational.Column">
<Column name="rut" id="9AAC5D50-9F4D-E5D0-1490-75C8AA6C90AB">
<createdBy>danie</createdBy>
<createdTime>2026-02-09 22:17:11 UTC</createdTime>
<generatorID>14A79E94-ADFA-D96C-CF65-B284F9BDE996</generatorID>
<ownerDesignName>sumativa 2</ownerDesignName>
<useDomainConstraints>false</useDomainConstraints>
<use>1</use>
<logicalDatatype>LOGDT024</logicalDatatype>
<dataTypeSize>8</dataTypeSize>
<ownDataTypeParameters>8,,</ownDataTypeParameters>
<autoIncrementCycle>false</autoIncrementCycle>
</Column>
<Column name="dv" id="FBB93879-D707-5A3E-A29D-573B4E5961F3">
<createdBy>danie</createdBy>
<createdTime>2026-02-09 22:17:11 UTC</createdTime>
<generatorID>C3C1FA83-C461-A2E6-E35C-35355EF4BC17</generatorID>
<ownerDesignName>sumativa 2</ownerDesignName>
<useDomainConstraints>false</useDomainConstraints>
<use>1</use>
<logicalDatatype>LOGDT025</logicalDatatype>
<dataTypeSize>1</dataTypeSize>
<ownDataTypeParameters>1,,</ownDataTypeParameters>
<autoIncrementCycle>false</autoIncrementCycle>
</Column>
<Column name="telefono" id="B0E42A7C-5469-6F4B-A4AD-6C7C4464546E">
<createdBy>danie</createdBy>
<createdTime>2026-02-09 22:17:11 UTC</createdTime>
<generatorID>D2E51820-23C2-2935-26D4-8E75FBBB4DAA</generatorID>
<ownerDesignName>sumativa 2</ownerDesignName>
<useDomainConstraints>false</useDomainConstraints>
<use>1</use>
<logicalDatatype>LOGDT019</logicalDatatype>
<dataTypePrecision>12</dataTypePrecision>
<ownDataTypeParameters>,12,</ownDataTypeParameters>
<autoIncrementCycle>false</autoIncrementCycle>
</Column>
<Column name="calle_dirección" id="78F98D47-7B2E-CE32-32EE-82709E3B1A4A">
<createdBy>danie</createdBy>
<createdTime>2026-02-09 22:17:11 UTC</createdTime>
<generatorID>89A653C0-D592-94C7-587B-633A8F2C59A9</generatorID>
<ownerDesignName>sumativa 2</ownerDesignName>
<useDomainConstraints>false</useDomainConstraints>
<use>1</use>
<logicalDatatype>LOGDT024</logicalDatatype>
<dataTypeSize>15</dataTypeSize>
<ownDataTypeParameters>15,,</ownDataTypeParameters>
<autoIncrementCycle>false</autoIncrementCycle>
</Column>
<Column name="num_calle" id="EA63D23A-B49D-D5D3-4577-E93309B38D5C">
<createdBy>danie</createdBy>
<createdTime>2026-02-09 22:17:11 UTC</createdTime>
<generatorID>49DE64FA-1707-179D-C077-9CB5EA530A55</generatorID>
<ownerDesignName>sumativa 2</ownerDesignName>
<useDomainConstraints>false</useDomainConstraints>
<use>1</use>
<logicalDatatype>LOGDT019</logicalDatatype>
<dataTypePrecision>5</dataTypePrecision>
<ownDataTypeParameters>,5,</ownDataTypeParameters>
<autoIncrementCycle>false</autoIncrementCycle>
</Column>
<Column name="email" id="D8B48B48-750C-9AE5-E498-31378B94F3D8">
<createdBy>danie</createdBy>
<createdTime>2026-02-09 22:17:11 UTC</createdTime>
<generatorID>3C700E5C-2DAD-69A0-DA51-AD0B20C30D59</generatorID>
<ownerDesignName>sumativa 2</ownerDesignName>
<useDomainConstraints>false</useDomainConstraints>
<use>1</use>
<logicalDatatype>LOGDT024</logicalDatatype>
<dataTypeSize>50</dataTypeSize>
<ownDataTypeParameters>50,,</ownDataTypeParameters>
<autoIncrementCycle>false</autoIncrementCycle>
</Column>
<Column name="website" id="E715498A-E0E9-B7B0-CCD6-3A4A079F7561">
<createdBy>danie</createdBy>
<createdTime>2026-02-09 22:17:11 UTC</createdTime>
<generatorID>A3A31767-4A2A-1945-75A5-D0B77798F8FE</generatorID>
<ownerDesignName>sumativa 2</ownerDesignName>
<nullsAllowed>true</nullsAllowed>
<useDomainConstraints>false</useDomainConstraints>
<use>1</use>
<logicalDatatype>LOGDT024</logicalDatatype>
<dataTypeSize>50</dataTypeSize>
<ownDataTypeParameters>50,,</ownDataTypeParameters>
<autoIncrementCycle>false</autoIncrementCycle>
</Column>
<Column name="cod_postal" id="56C509AE-3D8E-5B95-8F4E-07F61DDFBC8E">
<createdBy>danie</createdBy>
<createdTime>2026-02-09 22:17:11 UTC</createdTime>
<generatorID>D908E151-C8CF-A9F5-B010-1370A2326AA6</generatorID>
<ownerDesignName>sumativa 2</ownerDesignName>
<nullsAllowed>true</nullsAllowed>
<useDomainConstraints>false</useDomainConstraints>
<use>1</use>
<logicalDatatype>LOGDT019</logicalDatatype>
<dataTypePrecision>10</dataTypePrecision>
<ownDataTypeParameters>,10,</ownDataTypeParameters>
<autoIncrementCycle>false</autoIncrementCycle>
</Column>
<Column name="COMUNA_cod_comuna" id="45DDC046-60B7-C4A7-C2C3-249DEFA324DF">
<createdBy>danie</createdBy>
<createdTime>2026-02-09 22:17:11 UTC</createdTime>
<generatorID>E44F5F97-F314-C7A9-8B8C-0ECF3317770B</generatorID>
<ownerDesignName>sumativa 2</ownerDesignName>
<nullsAllowed>true</nullsAllowed>
<useDomainConstraints>false</useDomainConstraints>
<use>1</use>
<logicalDatatype>LOGDT019</logicalDatatype>
<dataTypePrecision>3</dataTypePrecision>
<ownDataTypeParameters>,,</ownDataTypeParameters>
<previousColumn>false</previousColumn>
<autoIncrementCycle>false</autoIncrementCycle>
<associations>
<colAssociation fkAssociation="96F861C2-A0A6-3464-BE94-BBA013059898" referredColumn="D65511E6-8AC5-2CFD-D0AB-8D2AFEFF4199"/>
</associations>
</Column>
</columns>
<indexes itemClass="oracle.dbtools.crest.model.design.relational.Index">
<ind_PK_UK id="CCE1C9AC-E27E-C828-0432-7252B03DC707" name="PROVEEDOR_PK">
<createdBy>danie</createdBy>
<createdTime>2026-02-09 22:17:11 UTC</createdTime>
<generatorID>134932E1-2ED1-549C-FB69-6CDCE0DCF376</generatorID>
<ownerDesignName>sumativa 2</ownerDesignName>
<pk>true</pk>
<indexState>Primary Constraint</indexState>
<isSurrogateKey>false</isSurrogateKey>
<indexColumnUsage>
<colUsage columnID="9AAC5D50-9F4D-E5D0-1490-75C8AA6C90AB"/>
</indexColumnUsage>
</ind_PK_UK>
<ind_PK_UK id="82779AFB-44D0-62FE-F282-0D0F75C98209" name="PROVEEDOR_COMUNA_FK">
<createdBy>danie</createdBy>
<createdTime>2026-02-09 22:17:11 UTC</createdTime>
<generatorID>504C4BE9-2FF7-4EE2-97BF-DEAEE4392698</generatorID>
<ownerDesignName>sumativa 2</ownerDesignName>
<indexState>Foreign Key</indexState>
<isSurrogateKey>false</isSurrogateKey>
<indexColumnUsage>
<colUsage columnID="45DDC046-60B7-C4A7-C2C3-249DEFA324DF"/>
</indexColumnUsage>
</ind_PK_UK>
</indexes>
</Table>