<?xml version = '1.0' encoding = 'UTF-8'?>
<Table class="oracle.dbtools.crest.model.design.relational.Table" directorySegmentName="seg_0" id="3BC342A8-7BF4-C2E6-A4A0-504786530F5E" name="DETALLE_BOLETA">
<createdBy>danie</createdBy>
<createdTime>2026-02-09 22:17:11 UTC</createdTime>
<ownerDesignName>sumativa 2</ownerDesignName>
<allowColumnReorder>false</allowColumnReorder>
<existDependencyGenerateInDDl>true</existDependencyGenerateInDDl>
<parsed>true</parsed>
<columns itemClass="oracle.dbtools.crest.model.design.relational.Column">
<Column name="BOLETA_nro_boleta" id="A3842A39-129B-87C1-D503-C5E3D3E941FB">
<createdBy>danie</createdBy>
<createdTime>2026-02-09 22:17:11 UTC</createdTime>
<ownerDesignName>sumativa 2</ownerDesignName>
<useDomainConstraints>false</useDomainConstraints>
<use>1</use>
<logicalDatatype>LOGDT019</logicalDatatype>
<dataTypePrecision>5</dataTypePrecision>
<ownDataTypeParameters>,,</ownDataTypeParameters>
<previousColumn>false</previousColumn>
<autoIncrementCycle>false</autoIncrementCycle>
<associations>
<colAssociation fkAssociation="F89274A3-57FA-A87E-3173-B81FFA9DA5FC" referredColumn="E37E60A0-B28D-B646-65C8-87717AD9123F"/>
</associations>
</Column>
<Column name="BOLETA_sigla" id="FA2D91CA-A9E4-2C84-30D1-1E156DDB6B2E">
<createdBy>danie</createdBy>
<createdTime>2026-02-09 22:17:11 UTC</createdTime>
<ownerDesignName>sumativa 2</ownerDesignName>
<useDomainConstraints>false</useDomainConstraints>
<use>1</use>
<logicalDatatype>LOGDT025</logicalDatatype>
<dataTypeSize>4</dataTypeSize>
<ownDataTypeParameters>,,</ownDataTypeParameters>
<previousColumn>false</previousColumn>
<autoIncrementCycle>false</autoIncrementCycle>
<associations>
<colAssociation fkAssociation="F89274A3-57FA-A87E-3173-B81FFA9DA5FC" referredColumn="5C489E2F-8E6E-408C-8371-7B10638A66FA"/>
</associations>
</Column>
<Column name="MODELO_id_modelo" id="6AC1D131-2CE7-95DC-DFCB-F6B20E794C81">
<createdBy>danie</createdBy>
<createdTime>2026-02-09 22:17:11 UTC</createdTime>
<ownerDesignName>sumativa 2</ownerDesignName>
<useDomainConstraints>false</useDomainConstraints>
<use>1</use>
<logicalDatatype>LOGDT019</logicalDatatype>
<dataTypePrecision>9</dataTypePrecision>
<ownDataTypeParameters>,,</ownDataTypeParameters>
<previousColumn>false</previousColumn>
<autoIncrementCycle>false</autoIncrementCycle>
<associations>
<colAssociation fkAssociation="F97FA156-BD2A-C71C-6F21-BAF04A938711" referredColumn="DD7F0392-9C34-BFDC-5789-38B64FA11B80"/>
</associations>
</Column>
<Column name="MODELO_nombre_marca" id="95F689BE-EC3A-93FE-A762-8D53C20C676D">
<createdBy>danie</createdBy>
<createdTime>2026-02-09 22:17:11 UTC</createdTime>
<ownerDesignName>sumativa 2</ownerDesignName>
<useDomainConstraints>false</useDomainConstraints>
<use>1</use>
<logicalDatatype>LOGDT024</logicalDatatype>
<dataTypeSize>15</dataTypeSize>
<ownDataTypeParameters>,,</ownDataTypeParameters>
<previousColumn>false</previousColumn>
<autoIncrementCycle>false</autoIncrementCycle>
<associations>
<colAssociation fkAssociation="F97FA156-BD2A-C71C-6F21-BAF04A938711" referredColumn="2C5E54C0-ADA9-77E2-0DD9-9FB10ABB891A"/>
</associations>
</Column>
<Column name="cantidad_producto" id="9E23F5C4-F9CD-4EFA-1507-7F26F3C9F619">
<createdBy>danie</createdBy>
<createdTime>2026-02-09 22:17:11 UTC</createdTime>
<generatorID>F06B2FBF-CEE0-940E-90AF-0CDE7DCF5627</generatorID>
<ownerDesignName>sumativa 2</ownerDesignName>
<useDomainConstraints>false</useDomainConstraints>
<use>1</use>
<logicalDatatype>LOGDT019</logicalDatatype>
<dataTypePrecision>2</dataTypePrecision>
<dataTypeScale>0</dataTypeScale>
<ownDataTypeParameters>,2,0</ownDataTypeParameters>
<autoIncrementCycle>false</autoIncrementCycle>
<isRelationshipColumn>true</isRelationshipColumn>
<isDependOnFK_AsMandatory>true</isDependOnFK_AsMandatory>
</Column>
</columns>
<indexes itemClass="oracle.dbtools.crest.model.design.relational.Index">
<ind_PK_UK id="DB2F4200-47AD-F560-610C-B0599AE051AA" name="DETALLE_BOLETA_PK">
<createdBy>danie</createdBy>
<createdTime>2026-02-09 22:17:11 UTC</createdTime>
<ownerDesignName>sumativa 2</ownerDesignName>
<pk>true</pk>
<indexState>Primary Constraint</indexState>
<isSurrogateKey>false</isSurrogateKey>
<indexColumnUsage>
<colUsage columnID="A3842A39-129B-87C1-D503-C5E3D3E941FB"/>
<colUsage columnID="FA2D91CA-A9E4-2C84-30D1-1E156DDB6B2E"/>
<colUsage columnID="6AC1D131-2CE7-95DC-DFCB-F6B20E794C81"/>
<colUsage columnID="95F689BE-EC3A-93FE-A762-8D53C20C676D"/>
</indexColumnUsage>
</ind_PK_UK>
<ind_PK_UK id="20726CAE-67EA-92D3-047D-9DB71CC41190" name="DETALLE_BOLETA_BOLETA_FK">
<createdBy>danie</createdBy>
<createdTime>2026-02-09 22:17:11 UTC</createdTime>
<generatorID>26A9B737-B7E5-BC3F-31A0-8CD0B2A451B1</generatorID>
<ownerDesignName>sumativa 2</ownerDesignName>
<indexState>Foreign Key</indexState>
<isSurrogateKey>false</isSurrogateKey>
<indexColumnUsage>
<colUsage columnID="A3842A39-129B-87C1-D503-C5E3D3E941FB"/>
<colUsage columnID="FA2D91CA-A9E4-2C84-30D1-1E156DDB6B2E"/>
</indexColumnUsage>
</ind_PK_UK>
<ind_PK_UK id="706B8834-6F43-16C5-CD2F-D8772FD254DF" name="DETALLE_BOLETA_MODELO_FK">
<createdBy>danie</createdBy>
<createdTime>2026-02-09 22:17:11 UTC</createdTime>
<generatorID>26A9B737-B7E5-BC3F-31A0-8CD0B2A451B1</generatorID>
<ownerDesignName>sumativa 2</ownerDesignName>
<indexState>Foreign Key</indexState>
<isSurrogateKey>false</isSurrogateKey>
<indexColumnUsage>
<colUsage columnID="6AC1D131-2CE7-95DC-DFCB-F6B20E794C81"/>
<colUsage columnID="95F689BE-EC3A-93FE-A762-8D53C20C676D"/>
</indexColumnUsage>
</ind_PK_UK>
</indexes>
</Table>