<?xml version = '1.0' encoding = 'UTF-8'?>
<Table class="oracle.dbtools.crest.model.design.relational.Table" directorySegmentName="seg_0" id="51E5B5F5-EC90-6EB4-E45C-42C16A2A4722" name="BOLETA">
<createdBy>danie</createdBy>
<createdTime>2026-02-09 22:17:11 UTC</createdTime>
<generatorID>945CAB01-6D94-37E6-18A6-80BED04C6601</generatorID>
<ownerDesignName>sumativa 2</ownerDesignName>
<allowColumnReorder>false</allowColumnReorder>
<existDependencyGenerateInDDl>true</existDependencyGenerateInDDl>
<parsed>true</parsed>
<columns itemClass="oracle.dbtools.crest.model.design.relational.Column">
<Column name="nro_boleta" id="E37E60A0-B28D-B646-65C8-87717AD9123F">
<createdBy>danie</createdBy>
<createdTime>2026-02-09 22:17:11 UTC</createdTime>
<generatorID>5F967B81-567B-F229-1958-0555983A0A27</generatorID>
<ownerDesignName>sumativa 2</ownerDesignName>
<useDomainConstraints>false</useDomainConstraints>
<use>1</use>
<logicalDatatype>LOGDT019</logicalDatatype>
<dataTypePrecision>5</dataTypePrecision>
<ownDataTypeParameters>,5,</ownDataTypeParameters>
<autoIncrementCycle>false</autoIncrementCycle>
</Column>
<Column name="fecha_boleta" id="FD9C29D5-19A8-AEE8-1E78-86D3764ABAF7">
<createdBy>danie</createdBy>
<createdTime>2026-02-09 22:17:11 UTC</createdTime>
<generatorID>090FCE9E-3FB0-EC39-1BB5-B53752CEAF8C</generatorID>
<ownerDesignName>sumativa 2</ownerDesignName>
<useDomainConstraints>false</useDomainConstraints>
<use>1</use>
<logicalDatatype>LOGDT007</logicalDatatype>
<ownDataTypeParameters>,,</ownDataTypeParameters>
<autoIncrementCycle>false</autoIncrementCycle>
</Column>
<Column name="SUCURSAL_sigla" id="5C489E2F-8E6E-408C-8371-7B10638A66FA">
<createdBy>danie</createdBy>
<createdTime>2026-02-09 22:17:11 UTC</createdTime>
<generatorID>63A56F36-D242-6C12-4FC4-64E072D3A776</generatorID>
<ownerDesignName>sumativa 2</ownerDesignName>
<useDomainConstraints>false</useDomainConstraints>
<use>1</use>
<logicalDatatype>LOGDT025</logicalDatatype>
<dataTypeSize>4</dataTypeSize>
<ownDataTypeParameters>,,</ownDataTypeParameters>
<previousColumn>false</previousColumn>
<autoIncrementCycle>false</autoIncrementCycle>
<associations>
<colAssociation fkAssociation="326DEC41-E5B4-AFF2-76BB-913B10DCE272" referredColumn="50C7E167-12F2-1129-C706-7D3A292161E6"/>
</associations>
</Column>
<Column name="CLIENTE_id_cliente" id="581F9C2E-C60A-FC17-1AB8-4E5F0CF74A4D">
<createdBy>danie</createdBy>
<createdTime>2026-02-09 22:17:11 UTC</createdTime>
<generatorID>A7EA0CB1-AAE1-AEE5-B531-6BD4B4B834B0</generatorID>
<ownerDesignName>sumativa 2</ownerDesignName>
<useDomainConstraints>false</useDomainConstraints>
<use>1</use>
<logicalDatatype>LOGDT019</logicalDatatype>
<dataTypePrecision>6</dataTypePrecision>
<ownDataTypeParameters>,,</ownDataTypeParameters>
<previousColumn>false</previousColumn>
<autoIncrementCycle>false</autoIncrementCycle>
<associations>
<colAssociation fkAssociation="ABA5D96B-A5EB-78E5-94A4-09E9A8153F3F" referredColumn="12D4CB30-BD08-26E9-9504-E51FEBF1CB19"/>
</associations>
</Column>
</columns>
<indexes itemClass="oracle.dbtools.crest.model.design.relational.Index">
<ind_PK_UK id="9C00AC25-D7C1-BDCF-687E-FBC377202E0D" name="BOLETA_PK">
<createdBy>danie</createdBy>
<createdTime>2026-02-09 22:17:11 UTC</createdTime>
<generatorID>740EF290-1014-77DF-2928-4E9C724769E1</generatorID>
<ownerDesignName>sumativa 2</ownerDesignName>
<pk>true</pk>
<indexState>Primary Constraint</indexState>
<isSurrogateKey>false</isSurrogateKey>
<indexColumnUsage>
<colUsage columnID="E37E60A0-B28D-B646-65C8-87717AD9123F"/>
<colUsage columnID="5C489E2F-8E6E-408C-8371-7B10638A66FA"/>
</indexColumnUsage>
</ind_PK_UK>
<ind_PK_UK id="F67B678A-9363-5475-FF90-C91FB8AB13FA" name="BOLETA_CLIENTE_FK">
<createdBy>danie</createdBy>
<createdTime>2026-02-09 22:17:11 UTC</createdTime>
<generatorID>106CC66A-C129-D42F-EF13-DB9B5B812222</generatorID>
<ownerDesignName>sumativa 2</ownerDesignName>
<indexState>Foreign Key</indexState>
<isSurrogateKey>false</isSurrogateKey>
<indexColumnUsage>
<colUsage columnID="581F9C2E-C60A-FC17-1AB8-4E5F0CF74A4D"/>
</indexColumnUsage>
</ind_PK_UK>
<ind_PK_UK id="2D400AD9-0105-D19B-E60F-045E85A70AD9" name="BOLETA_SUCURSAL_FK">
<createdBy>danie</createdBy>
<createdTime>2026-02-09 22:17:11 UTC</createdTime>
<generatorID>18E5DE73-3E1F-33EA-359B-786B5C3C75E8</generatorID>
<ownerDesignName>sumativa 2</ownerDesignName>
<indexState>Foreign Key</indexState>
<isSurrogateKey>false</isSurrogateKey>
<indexColumnUsage>
<colUsage columnID="5C489E2F-8E6E-408C-8371-7B10638A66FA"/>
</indexColumnUsage>
</ind_PK_UK>
</indexes>
</Table>