<?xml version = '1.0' encoding = 'UTF-8'?>
<Table class="oracle.dbtools.crest.model.design.relational.Table" directorySegmentName="seg_0" id="5382C78F-4B95-D547-33C7-358FFC486036" name="EMPRESA">
<createdBy>danie</createdBy>
<createdTime>2026-02-09 22:17:11 UTC</createdTime>
<generatorID>23ADCEB3-A002-D3B3-3080-45CDDF3FB7A4</generatorID>
<ownerDesignName>sumativa 2</ownerDesignName>
<allowColumnReorder>false</allowColumnReorder>
<existDependencyGenerateInDDl>true</existDependencyGenerateInDDl>
<parsed>true</parsed>
<columns itemClass="oracle.dbtools.crest.model.design.relational.Column">
<Column name="rut" id="E1082D32-9E32-444A-D46E-17808FBBCAB4">
<createdBy>danie</createdBy>
<createdTime>2026-02-09 22:17:11 UTC</createdTime>
<generatorID>14A79E94-ADFA-D96C-CF65-B284F9BDE996</generatorID>
<ownerDesignName>sumativa 2</ownerDesignName>
<useDomainConstraints>false</useDomainConstraints>
<use>1</use>
<logicalDatatype>LOGDT024</logicalDatatype>
<dataTypeSize>8</dataTypeSize>
<ownDataTypeParameters>,,</ownDataTypeParameters>
<autoIncrementCycle>false</autoIncrementCycle>
<associations>
<colAssociation fkAssociation="F028A44B-E5F7-D598-8D25-7F15B5329461" referredColumn="9AAC5D50-9F4D-E5D0-1490-75C8AA6C90AB"/>
</associations>
</Column>
<Column name="nombre" id="74DFD496-0425-6D65-21E5-7083DA92EB24">
<createdBy>danie</createdBy>
<createdTime>2026-02-09 22:17:11 UTC</createdTime>
<generatorID>53F50918-1BF3-7157-2DC2-894ECC71AA09</generatorID>
<ownerDesignName>sumativa 2</ownerDesignName>
<useDomainConstraints>false</useDomainConstraints>
<use>1</use>
<logicalDatatype>LOGDT024</logicalDatatype>
<dataTypeSize>20</dataTypeSize>
<ownDataTypeParameters>20,,</ownDataTypeParameters>
<autoIncrementCycle>false</autoIncrementCycle>
</Column>
</columns>
<indexes itemClass="oracle.dbtools.crest.model.design.relational.Index">
<ind_PK_UK id="FF41AF3F-5F91-6D56-89C2-314B1FCA29CA" name="EMPRESA_PK">
<createdBy>danie</createdBy>
<createdTime>2026-02-09 22:17:11 UTC</createdTime>
<generatorID>134932E1-2ED1-549C-FB69-6CDCE0DCF376</generatorID>
<ownerDesignName>sumativa 2</ownerDesignName>
<pk>true</pk>
<indexState>Primary Constraint</indexState>
<isSurrogateKey>false</isSurrogateKey>
<indexColumnUsage>
<colUsage columnID="E1082D32-9E32-444A-D46E-17808FBBCAB4"/>
</indexColumnUsage>
</ind_PK_UK>
<ind_PK_UK id="2830F06B-A482-1367-BA62-3FA79A1BAC7D" name="EMPRESA_PROVEEDOR_FK">
<createdBy>danie</createdBy>
<createdTime>2026-02-09 22:17:11 UTC</createdTime>
<generatorID>320FFCBB-8D8A-DD05-245A-8EEB3A2360B2</generatorID>
<ownerDesignName>sumativa 2</ownerDesignName>
<indexState>Foreign Key</indexState>
<isSurrogateKey>false</isSurrogateKey>
<indexColumnUsage>
<colUsage columnID="E1082D32-9E32-444A-D46E-17808FBBCAB4"/>
</indexColumnUsage>
</ind_PK_UK>
</indexes>
</Table>