<?xml version = '1.0' encoding = 'UTF-8'?>
<Table class="oracle.dbtools.crest.model.design.relational.Table" directorySegmentName="seg_0" id="61F56DAD-601D-72FF-0B2D-5ED6038FCD14" name="MODELO">
<createdBy>danie</createdBy>
<createdTime>2026-02-09 22:17:11 UTC</createdTime>
<generatorID>0898B4C5-004F-FA69-B37C-86F3BF473598</generatorID>
<ownerDesignName>sumativa 2</ownerDesignName>
<allowColumnReorder>false</allowColumnReorder>
<existDependencyGenerateInDDl>true</existDependencyGenerateInDDl>
<parsed>true</parsed>
<columns itemClass="oracle.dbtools.crest.model.design.relational.Column">
<Column name="id_modelo" id="DD7F0392-9C34-BFDC-5789-38B64FA11B80">
<createdBy>danie</createdBy>
<createdTime>2026-02-09 22:17:11 UTC</createdTime>
<commentInRDBMS><![CDATA[Identificado por el SKU]]></commentInRDBMS>
<generatorID>18543730-5A8B-FFEE-1F24-9A6BB5823E68</generatorID>
<ownerDesignName>sumativa 2</ownerDesignName>
<useDomainConstraints>false</useDomainConstraints>
<use>1</use>
<logicalDatatype>LOGDT019</logicalDatatype>
<dataTypePrecision>9</dataTypePrecision>
<ownDataTypeParameters>,9,</ownDataTypeParameters>
<autoIncrementCycle>false</autoIncrementCycle>
</Column>
<Column name="PRODUCTO_MARCA_nombre_marca" id="2C5E54C0-ADA9-77E2-0DD9-9FB10ABB891A">
<createdBy>danie</createdBy>
<createdTime>2026-02-09 22:17:11 UTC</createdTime>
<generatorID>6DBBA275-C0E9-35E3-056C-A5A4ADE41AC7</generatorID>
<ownerDesignName>sumativa 2</ownerDesignName>
<useDomainConstraints>false</useDomainConstraints>
<use>1</use>
<logicalDatatype>LOGDT024</logicalDatatype>
<dataTypeSize>15</dataTypeSize>
<ownDataTypeParameters>,,</ownDataTypeParameters>
<previousColumn>false</previousColumn>
<autoIncrementCycle>false</autoIncrementCycle>
<associations>
<colAssociation fkAssociation="7A77C10D-09B4-C11B-53ED-6C75AE6D0D35" referredColumn="29D9B18D-7344-6D82-8B5A-793613ACD36B"/>
</associations>
</Column>
<Column name="descripcion_modelo" id="5535D129-1A60-3792-E172-1793F9469BA0">
<createdBy>danie</createdBy>
<createdTime>2026-02-09 22:17:11 UTC</createdTime>
<generatorID>70D69B7A-5CBB-261D-7AC9-D8C96F4065B8</generatorID>
<ownerDesignName>sumativa 2</ownerDesignName>
<useDomainConstraints>false</useDomainConstraints>
<use>1</use>
<logicalDatatype>LOGDT024</logicalDatatype>
<dataTypeSize>50</dataTypeSize>
<ownDataTypeParameters>50,,</ownDataTypeParameters>
<autoIncrementCycle>false</autoIncrementCycle>
</Column>
<Column name="nro_boleta" id="0B417319-0CE1-5438-7C38-77E9A5B8AB1E">
<createdBy>danie</createdBy>
<createdTime>2026-02-09 22:17:11 UTC</createdTime>
<generatorID>73940682-1CC7-2545-F1C6-74034289D093</generatorID>
<ownerDesignName>sumativa 2</ownerDesignName>
<useDomainConstraints>false</useDomainConstraints>
<use>1</use>
<logicalDatatype>LOGDT019</logicalDatatype>
<dataTypePrecision>5</dataTypePrecision>
<ownDataTypeParameters>,5,</ownDataTypeParameters>
<autoIncrementCycle>false</autoIncrementCycle>
</Column>
<Column name="sigla" id="1AD688FD-5979-ADF9-B175-2C6003BD5D90">
<createdBy>danie</createdBy>
<createdTime>2026-02-09 22:17:11 UTC</createdTime>
<generatorID>610804A1-FF02-FE8A-F25D-B2017B953B57</generatorID>
<ownerDesignName>sumativa 2</ownerDesignName>
<useDomainConstraints>false</useDomainConstraints>
<use>1</use>
<logicalDatatype>LOGDT025</logicalDatatype>
<dataTypeSize>4</dataTypeSize>
<ownDataTypeParameters>4,,</ownDataTypeParameters>
<autoIncrementCycle>false</autoIncrementCycle>
</Column>
<Column name="PRODUCTO_id_producto" id="38365FB3-5E0F-08D2-E5DD-3CC59740AFBF">
<createdBy>danie</createdBy>
<createdTime>2026-02-09 22:17:11 UTC</createdTime>
<generatorID>564CA2FC-A580-A3B1-B905-F01284F47D70</generatorID>
<ownerDesignName>sumativa 2</ownerDesignName>
<useDomainConstraints>false</useDomainConstraints>
<use>1</use>
<logicalDatatype>LOGDT019</logicalDatatype>
<dataTypePrecision>9</dataTypePrecision>
<ownDataTypeParameters>,,</ownDataTypeParameters>
<previousColumn>false</previousColumn>
<autoIncrementCycle>false</autoIncrementCycle>
<associations>
<colAssociation fkAssociation="7A77C10D-09B4-C11B-53ED-6C75AE6D0D35" referredColumn="BCBE6044-580F-82E6-44A7-DD9F01A0F58A"/>
</associations>
</Column>
</columns>
<indexes itemClass="oracle.dbtools.crest.model.design.relational.Index">
<ind_PK_UK id="1BE66EC3-4BB1-2F7B-C711-3B35D0A115B3" name="MODELO_PK">
<createdBy>danie</createdBy>
<createdTime>2026-02-09 22:17:11 UTC</createdTime>
<generatorID>A5AD5846-5483-1C53-2B45-4E363CD91DC8</generatorID>
<ownerDesignName>sumativa 2</ownerDesignName>
<pk>true</pk>
<indexState>Primary Constraint</indexState>
<isSurrogateKey>false</isSurrogateKey>
<indexColumnUsage>
<colUsage columnID="DD7F0392-9C34-BFDC-5789-38B64FA11B80"/>
<colUsage columnID="2C5E54C0-ADA9-77E2-0DD9-9FB10ABB891A"/>
</indexColumnUsage>
</ind_PK_UK>
<ind_PK_UK id="298C7F29-FC10-2E12-3B5D-AEBA744533E9" name="MODELO_PRODUCTO_FK">
<createdBy>danie</createdBy>
<createdTime>2026-02-09 22:17:11 UTC</createdTime>
<generatorID>22DF369C-D5AE-B653-EADA-94E52938C38D</generatorID>
<ownerDesignName>sumativa 2</ownerDesignName>
<indexState>Foreign Key</indexState>
<isSurrogateKey>false</isSurrogateKey>
<indexColumnUsage>
<colUsage columnID="38365FB3-5E0F-08D2-E5DD-3CC59740AFBF"/>
<colUsage columnID="2C5E54C0-ADA9-77E2-0DD9-9FB10ABB891A"/>
</indexColumnUsage>
</ind_PK_UK>
</indexes>
</Table>