<?xml version = '1.0' encoding = 'UTF-8'?>
<Table class="oracle.dbtools.crest.model.design.relational.Table" directorySegmentName="seg_0" id="A82CE21B-3804-98B8-9854-AA5FD673E91E" name="MARCA">
<createdBy>danie</createdBy>
<createdTime>2026-02-09 22:17:11 UTC</createdTime>
<generatorID>901E7FE4-036F-C69A-ECF0-01B904F6725D</generatorID>
<ownerDesignName>sumativa 2</ownerDesignName>
<allowColumnReorder>false</allowColumnReorder>
<existDependencyGenerateInDDl>true</existDependencyGenerateInDDl>
<parsed>true</parsed>
<columns itemClass="oracle.dbtools.crest.model.design.relational.Column">
<Column name="nombre_marca" id="34094FC4-2684-D9A7-3AFE-6BBE57A68238">
<createdBy>danie</createdBy>
<createdTime>2026-02-09 22:17:11 UTC</createdTime>
<generatorID>7B1EBF9D-3E75-6BD0-B762-CD96251730EE</generatorID>
<ownerDesignName>sumativa 2</ownerDesignName>
<useDomainConstraints>false</useDomainConstraints>
<use>1</use>
<logicalDatatype>LOGDT024</logicalDatatype>
<dataTypeSize>15</dataTypeSize>
<ownDataTypeParameters>15,,</ownDataTypeParameters>
<autoIncrementCycle>false</autoIncrementCycle>
</Column>
</columns>
<indexes itemClass="oracle.dbtools.crest.model.design.relational.Index">
<ind_PK_UK id="BC323FE3-CC29-B951-BD91-4B387DA8412C" name="MARCA_PK">
<createdBy>danie</createdBy>
<createdTime>2026-02-09 22:17:11 UTC</createdTime>
<generatorID>1323CDB3-12A1-084D-DBFA-0E44A1368D13</generatorID>
<ownerDesignName>sumativa 2</ownerDesignName>
<pk>true</pk>
<indexState>Primary Constraint</indexState>
<isSurrogateKey>false</isSurrogateKey>
<indexColumnUsage>
<colUsage columnID="34094FC4-2684-D9A7-3AFE-6BBE57A68238"/>
</indexColumnUsage>
</ind_PK_UK>
</indexes>
</Table>