<?xml version = '1.0' encoding = 'UTF-8'?>
<Table class="oracle.dbtools.crest.model.design.relational.Table" directorySegmentName="seg_0" id="B5852574-7C19-407E-515F-B9CA7C612F5E" name="PERSONA_NATURAL">
<createdBy>danie</createdBy>
<createdTime>2026-02-09 22:17:11 UTC</createdTime>
<generatorID>09AB0428-BF91-E863-3FC5-5034E0274D57</generatorID>
<ownerDesignName>sumativa 2</ownerDesignName>
<allowColumnReorder>false</allowColumnReorder>
<existDependencyGenerateInDDl>true</existDependencyGenerateInDDl>
<parsed>true</parsed>
<columns itemClass="oracle.dbtools.crest.model.design.relational.Column">
<Column name="rut" id="84F686FF-7321-C77D-DB9E-3E0C4A701989">
<createdBy>danie</createdBy>
<createdTime>2026-02-09 22:17:11 UTC</createdTime>
<generatorID>14A79E94-ADFA-D96C-CF65-B284F9BDE996</generatorID>
<ownerDesignName>sumativa 2</ownerDesignName>
<useDomainConstraints>false</useDomainConstraints>
<use>1</use>
<logicalDatatype>LOGDT024</logicalDatatype>
<dataTypeSize>8</dataTypeSize>
<ownDataTypeParameters>,,</ownDataTypeParameters>
<autoIncrementCycle>false</autoIncrementCycle>
<associations>
<colAssociation fkAssociation="078C7DBB-8265-5CEF-8E55-1A5195B17EAD" referredColumn="9AAC5D50-9F4D-E5D0-1490-75C8AA6C90AB"/>
</associations>
</Column>
<Column name="nombre_primero" id="E3DCBA0B-7F08-F5AE-2926-B085598152C8">
<createdBy>danie</createdBy>
<createdTime>2026-02-09 22:17:11 UTC</createdTime>
<generatorID>02A9EE47-A177-FE9B-F7FB-281D3D4814E2</generatorID>
<ownerDesignName>sumativa 2</ownerDesignName>
<useDomainConstraints>false</useDomainConstraints>
<use>1</use>
<logicalDatatype>LOGDT024</logicalDatatype>
<dataTypeSize>20</dataTypeSize>
<ownDataTypeParameters>20,,</ownDataTypeParameters>
<autoIncrementCycle>false</autoIncrementCycle>
</Column>
<Column name="nombre_segundo" id="B2C2F1C0-9EC7-323A-7F7F-BAE8AB061E4B">
<createdBy>danie</createdBy>
<createdTime>2026-02-09 22:17:11 UTC</createdTime>
<generatorID>350C0187-9577-AE0C-061B-1EF9BC21D9E3</generatorID>
<ownerDesignName>sumativa 2</ownerDesignName>
<nullsAllowed>true</nullsAllowed>
<useDomainConstraints>false</useDomainConstraints>
<use>1</use>
<logicalDatatype>LOGDT024</logicalDatatype>
<dataTypeSize>20</dataTypeSize>
<ownDataTypeParameters>20,,</ownDataTypeParameters>
<autoIncrementCycle>false</autoIncrementCycle>
</Column>
<Column name="apellido_p" id="62EB3704-2C45-8A54-3517-9E3452BC64C8">
<createdBy>danie</createdBy>
<createdTime>2026-02-09 22:17:11 UTC</createdTime>
<generatorID>B9C52D69-F46D-C427-9FEA-F64DF40AB9FB</generatorID>
<ownerDesignName>sumativa 2</ownerDesignName>
<useDomainConstraints>false</useDomainConstraints>
<use>1</use>
<logicalDatatype>LOGDT024</logicalDatatype>
<dataTypeSize>20</dataTypeSize>
<ownDataTypeParameters>20,,</ownDataTypeParameters>
<autoIncrementCycle>false</autoIncrementCycle>
</Column>
<Column name="apellido_m" id="B3A21732-9E64-B380-A1D3-5B98F35E204A">
<createdBy>danie</createdBy>
<createdTime>2026-02-09 22:17:11 UTC</createdTime>
<generatorID>8E822F26-C812-C1E4-BA10-F3B8066328FF</generatorID>
<ownerDesignName>sumativa 2</ownerDesignName>
<useDomainConstraints>false</useDomainConstraints>
<use>1</use>
<logicalDatatype>LOGDT024</logicalDatatype>
<dataTypeSize>20</dataTypeSize>
<ownDataTypeParameters>20,,</ownDataTypeParameters>
<autoIncrementCycle>false</autoIncrementCycle>
</Column>
</columns>
<indexes itemClass="oracle.dbtools.crest.model.design.relational.Index">
<ind_PK_UK id="4C13A896-C149-E5B7-8946-F1D19ED14DCD" name="PERSONA_NATURAL_PK">
<createdBy>danie</createdBy>
<createdTime>2026-02-09 22:17:11 UTC</createdTime>
<generatorID>134932E1-2ED1-549C-FB69-6CDCE0DCF376</generatorID>
<ownerDesignName>sumativa 2</ownerDesignName>
<pk>true</pk>
<indexState>Primary Constraint</indexState>
<isSurrogateKey>false</isSurrogateKey>
<indexColumnUsage>
<colUsage columnID="84F686FF-7321-C77D-DB9E-3E0C4A701989"/>
</indexColumnUsage>
</ind_PK_UK>
<ind_PK_UK id="4831CDEE-0808-5E49-DBB0-80B9A543BE5D" name="PERSONA_NATURAL_PROVEEDOR_FK">
<createdBy>danie</createdBy>
<createdTime>2026-02-09 22:17:11 UTC</createdTime>
<generatorID>E06F9ED6-90AF-F884-B12E-1476A94445FD</generatorID>
<ownerDesignName>sumativa 2</ownerDesignName>
<indexState>Foreign Key</indexState>
<isSurrogateKey>false</isSurrogateKey>
<indexColumnUsage>
<colUsage columnID="84F686FF-7321-C77D-DB9E-3E0C4A701989"/>
</indexColumnUsage>
</ind_PK_UK>
</indexes>
</Table>