<?xml version = '1.0' encoding = 'UTF-8'?>
<Table class="oracle.dbtools.crest.model.design.relational.Table" directorySegmentName="seg_0" id="C4494DE0-BF83-2723-7813-21210671E89B" name="CLIENTE">
<createdBy>danie</createdBy>
<createdTime>2026-02-09 22:17:11 UTC</createdTime>
<generatorID>3D8E977D-98ED-7823-E521-0E3ABBE21F88</generatorID>
<ownerDesignName>sumativa 2</ownerDesignName>
<allowColumnReorder>false</allowColumnReorder>
<existDependencyGenerateInDDl>true</existDependencyGenerateInDDl>
<parsed>true</parsed>
<columns itemClass="oracle.dbtools.crest.model.design.relational.Column">
<Column name="id_cliente" id="12D4CB30-BD08-26E9-9504-E51FEBF1CB19">
<createdBy>danie</createdBy>
<createdTime>2026-02-09 22:17:11 UTC</createdTime>
<generatorID>61408FC7-114B-F13B-242C-80038E73968F</generatorID>
<ownerDesignName>sumativa 2</ownerDesignName>
<useDomainConstraints>false</useDomainConstraints>
<use>1</use>
<logicalDatatype>LOGDT019</logicalDatatype>
<dataTypePrecision>6</dataTypePrecision>
<ownDataTypeParameters>,6,</ownDataTypeParameters>
<autoIncrementCycle>false</autoIncrementCycle>
</Column>
<Column name="nombre_primer" id="3B3C2305-993E-FD88-2BA5-3D887C64DBBF">
<createdBy>danie</createdBy>
<createdTime>2026-02-09 22:17:11 UTC</createdTime>
<generatorID>0FF6A40C-FD3C-8030-0C2C-65BF4581B0B9</generatorID>
<ownerDesignName>sumativa 2</ownerDesignName>
<useDomainConstraints>false</useDomainConstraints>
<use>1</use>
<logicalDatatype>LOGDT024</logicalDatatype>
<dataTypeSize>20</dataTypeSize>
<ownDataTypeParameters>20,,</ownDataTypeParameters>
<autoIncrementCycle>false</autoIncrementCycle>
</Column>
<Column name="nombre_segundo" id="62128F80-62F2-36D6-742F-3FC526628316">
<createdBy>danie</createdBy>
<createdTime>2026-02-09 22:17:11 UTC</createdTime>
<generatorID>04DD226C-7538-617B-38C0-0BFF6C3AD5E6</generatorID>
<ownerDesignName>sumativa 2</ownerDesignName>
<nullsAllowed>true</nullsAllowed>
<useDomainConstraints>false</useDomainConstraints>
<use>1</use>
<logicalDatatype>LOGDT024</logicalDatatype>
<dataTypeSize>20</dataTypeSize>
<ownDataTypeParameters>20,,</ownDataTypeParameters>
<autoIncrementCycle>false</autoIncrementCycle>
</Column>
<Column name="apellido_p" id="AFCF41F6-CAA8-0790-BCF3-7650D08DBDE0">
<createdBy>danie</createdBy>
<createdTime>2026-02-09 22:17:11 UTC</createdTime>
<generatorID>DDD84364-2CED-740E-6CAB-953DC0CBADA6</generatorID>
<ownerDesignName>sumativa 2</ownerDesignName>
<useDomainConstraints>false</useDomainConstraints>
<use>1</use>
<logicalDatatype>LOGDT024</logicalDatatype>
<dataTypeSize>20</dataTypeSize>
<ownDataTypeParameters>20,,</ownDataTypeParameters>
<autoIncrementCycle>false</autoIncrementCycle>
</Column>
<Column name="apellido_m" id="0D2B8273-9F68-9B30-3DD9-BFFED3D07B03">
<createdBy>danie</createdBy>
<createdTime>2026-02-09 22:17:11 UTC</createdTime>
<generatorID>820E659B-A8FE-497B-8A17-E8449DEBCE5B</generatorID>
<ownerDesignName>sumativa 2</ownerDesignName>
<useDomainConstraints>false</useDomainConstraints>
<use>1</use>
<logicalDatatype>LOGDT024</logicalDatatype>
<dataTypeSize>20</dataTypeSize>
<ownDataTypeParameters>20,,</ownDataTypeParameters>
<autoIncrementCycle>false</autoIncrementCycle>
</Column>
<Column name="telefono" id="E107BC72-ED82-BA89-9A40-EC61A8CCE76A">
<createdBy>danie</createdBy>
<createdTime>2026-02-09 22:17:11 UTC</createdTime>
<generatorID>00AF1BC8-4D33-E949-059E-5B1EEF9CD653</generatorID>
<ownerDesignName>sumativa 2</ownerDesignName>
<useDomainConstraints>false</useDomainConstraints>
<use>1</use>
<logicalDatatype>LOGDT019</logicalDatatype>
<dataTypePrecision>9</dataTypePrecision>
<ownDataTypeParameters>,9,</ownDataTypeParameters>
<autoIncrementCycle>false</autoIncrementCycle>
</Column>
<Column name="COMUNA_cod_comuna" id="C900E9E2-3D4E-FD26-105C-7608F628065B">
<createdBy>danie</createdBy>
<createdTime>2026-02-09 22:17:11 UTC</createdTime>
<generatorID>799B9D93-ED14-8622-F1C0-ADDF2B10AC3D</generatorID>
<ownerDesignName>sumativa 2</ownerDesignName>
<nullsAllowed>true</nullsAllowed>
<useDomainConstraints>false</useDomainConstraints>
<use>1</use>
<logicalDatatype>LOGDT019</logicalDatatype>
<dataTypePrecision>3</dataTypePrecision>
<ownDataTypeParameters>,,</ownDataTypeParameters>
<previousColumn>false</previousColumn>
<autoIncrementCycle>false</autoIncrementCycle>
<associations>
<colAssociation fkAssociation="3D4D5771-A659-106D-9693-CE33B01025A8" referredColumn="D65511E6-8AC5-2CFD-D0AB-8D2AFEFF4199"/>
</associations>
</Column>
</columns>
<indexes itemClass="oracle.dbtools.crest.model.design.relational.Index">
<ind_PK_UK id="F12FC077-BE72-BA7B-CB32-8FCD2F4BDE74" name="CLIENTE_PK">
<createdBy>danie</createdBy>
<createdTime>2026-02-09 22:17:11 UTC</createdTime>
<generatorID>311178CE-4998-2450-9D06-697B52577CDD</generatorID>
<ownerDesignName>sumativa 2</ownerDesignName>
<pk>true</pk>
<indexState>Primary Constraint</indexState>
<isSurrogateKey>false</isSurrogateKey>
<indexColumnUsage>
<colUsage columnID="12D4CB30-BD08-26E9-9504-E51FEBF1CB19"/>
</indexColumnUsage>
</ind_PK_UK>
<ind_PK_UK id="42F556AA-6A8A-E6B0-19D8-BB5BA40B8217" name="CLIENTE_COMUNA_FK">
<createdBy>danie</createdBy>
<createdTime>2026-02-09 22:17:11 UTC</createdTime>
<generatorID>8940CDA0-9FCB-3ABD-5940-2E4DA9E89FA2</generatorID>
<ownerDesignName>sumativa 2</ownerDesignName>
<indexState>Foreign Key</indexState>
<isSurrogateKey>false</isSurrogateKey>
<indexColumnUsage>
<colUsage columnID="C900E9E2-3D4E-FD26-105C-7608F628065B"/>
</indexColumnUsage>
</ind_PK_UK>
</indexes>
</Table>