<?xml version = '1.0' encoding = 'UTF-8'?>
<Table class="oracle.dbtools.crest.model.design.relational.Table" directorySegmentName="seg_0" id="DCCA8C95-9164-A811-1D37-CD4DB2FB5DF6" name="PRODUCTO">
<createdBy>danie</createdBy>
<createdTime>2026-02-09 22:17:11 UTC</createdTime>
<generatorID>58DC7C93-16DA-7476-888A-CC5AF131DC62</generatorID>
<ownerDesignName>sumativa 2</ownerDesignName>
<allowColumnReorder>false</allowColumnReorder>
<existDependencyGenerateInDDl>true</existDependencyGenerateInDDl>
<parsed>true</parsed>
<columns itemClass="oracle.dbtools.crest.model.design.relational.Column">
<Column name="id_producto" id="BCBE6044-580F-82E6-44A7-DD9F01A0F58A">
<createdBy>danie</createdBy>
<createdTime>2026-02-09 22:17:11 UTC</createdTime>
<commentInRDBMS><![CDATA[identificados por codigo SKU]]></commentInRDBMS>
<generatorID>5C62D9EB-D6C5-8A7C-EC68-013408B8F6ED</generatorID>
<ownerDesignName>sumativa 2</ownerDesignName>
<useDomainConstraints>false</useDomainConstraints>
<use>1</use>
<logicalDatatype>LOGDT019</logicalDatatype>
<dataTypePrecision>9</dataTypePrecision>
<ownDataTypeParameters>,9,</ownDataTypeParameters>
<autoIncrementCycle>false</autoIncrementCycle>
</Column>
<Column name="nombre_producto" id="7B9A3179-25A7-EA0E-4C64-46052B9CB0FE">
<createdBy>danie</createdBy>
<createdTime>2026-02-09 22:17:11 UTC</createdTime>
<generatorID>52EE61A3-ABDE-31D1-0E5B-E75774610BE0</generatorID>
<ownerDesignName>sumativa 2</ownerDesignName>
<useDomainConstraints>false</useDomainConstraints>
<use>1</use>
<logicalDatatype>LOGDT024</logicalDatatype>
<dataTypeSize>20</dataTypeSize>
<ownDataTypeParameters>20,,</ownDataTypeParameters>
<autoIncrementCycle>false</autoIncrementCycle>
</Column>
<Column name="descripcion" id="75B85A7D-779E-2805-D8C3-62CD8C571398">
<createdBy>danie</createdBy>
<createdTime>2026-02-09 22:17:11 UTC</createdTime>
<generatorID>4FB855EB-B304-50DF-0304-6587A51F2AB4</generatorID>
<ownerDesignName>sumativa 2</ownerDesignName>
<useDomainConstraints>false</useDomainConstraints>
<use>1</use>
<logicalDatatype>LOGDT024</logicalDatatype>
<dataTypeSize>200</dataTypeSize>
<ownDataTypeParameters>200,,</ownDataTypeParameters>
<autoIncrementCycle>false</autoIncrementCycle>
</Column>
<Column name="fecha_vencimiento" id="DFAE5943-1329-C58F-E604-56AAE973CE6C">
<createdBy>danie</createdBy>
<createdTime>2026-02-09 22:17:11 UTC</createdTime>
<generatorID>7A14BCA2-625C-C188-EF2C-2CA850677677</generatorID>
<ownerDesignName>sumativa 2</ownerDesignName>
<nullsAllowed>true</nullsAllowed>
<useDomainConstraints>false</useDomainConstraints>
<use>1</use>
<logicalDatatype>LOGDT007</logicalDatatype>
<ownDataTypeParameters>,,</ownDataTypeParameters>
<autoIncrementCycle>false</autoIncrementCycle>
</Column>
<Column name="categoria_producto" id="64E9AEA7-4FA2-EAF8-8397-436188A5829B">
<createdBy>danie</createdBy>
<createdTime>2026-02-09 22:17:11 UTC</createdTime>
<generatorID>49B75C81-7D10-86DE-680F-A144FB51E8AE</generatorID>
<ownerDesignName>sumativa 2</ownerDesignName>
<nullsAllowed>true</nullsAllowed>
<useDomainConstraints>false</useDomainConstraints>
<use>1</use>
<logicalDatatype>LOGDT019</logicalDatatype>
<dataTypePrecision>3</dataTypePrecision>
<ownDataTypeParameters>,3,</ownDataTypeParameters>
<autoIncrementCycle>false</autoIncrementCycle>
</Column>
<Column name="precio_unitario" id="63BF0583-425B-4A04-0109-E58863D3E8B5">
<createdBy>danie</createdBy>
<createdTime>2026-02-09 22:17:11 UTC</createdTime>
<generatorID>E9879A1A-26C7-B7A3-8891-DF55E4070732</generatorID>
<ownerDesignName>sumativa 2</ownerDesignName>
<useDomainConstraints>false</useDomainConstraints>
<use>1</use>
<logicalDatatype>LOGDT019</logicalDatatype>
<dataTypePrecision>7</dataTypePrecision>
<ownDataTypeParameters>,7,</ownDataTypeParameters>
<autoIncrementCycle>false</autoIncrementCycle>
</Column>
<Column name="MARCA_nombre_marca" id="29D9B18D-7344-6D82-8B5A-793613ACD36B">
<createdBy>danie</createdBy>
<createdTime>2026-02-09 22:17:11 UTC</createdTime>
<generatorID>CA8BD23F-25A0-ABAF-B414-947CC4F1BAE1</generatorID>
<ownerDesignName>sumativa 2</ownerDesignName>
<useDomainConstraints>false</useDomainConstraints>
<use>1</use>
<logicalDatatype>LOGDT024</logicalDatatype>
<dataTypeSize>15</dataTypeSize>
<ownDataTypeParameters>,,</ownDataTypeParameters>
<previousColumn>false</previousColumn>
<autoIncrementCycle>false</autoIncrementCycle>
<associations>
<colAssociation fkAssociation="EE52C735-47BE-D906-7841-1BD8DD5ABDF5" referredColumn="34094FC4-2684-D9A7-3AFE-6BBE57A68238"/>
</associations>
</Column>
</columns>
<indexes itemClass="oracle.dbtools.crest.model.design.relational.Index">
<ind_PK_UK id="2428FAFD-CC19-1A7B-4E62-4CAC0718602A" name="PRODUCTO_PK">
<createdBy>danie</createdBy>
<createdTime>2026-02-09 22:17:11 UTC</createdTime>
<generatorID>50D3D7BE-9034-081B-E1A1-DAD0219EB4AF</generatorID>
<ownerDesignName>sumativa 2</ownerDesignName>
<pk>true</pk>
<indexState>Primary Constraint</indexState>
<isSurrogateKey>false</isSurrogateKey>
<indexColumnUsage>
<colUsage columnID="BCBE6044-580F-82E6-44A7-DD9F01A0F58A"/>
<colUsage columnID="29D9B18D-7344-6D82-8B5A-793613ACD36B"/>
</indexColumnUsage>
</ind_PK_UK>
<ind_PK_UK id="AA9B3616-76D8-2329-94BE-714608D154C0" name="PRODUCTO_MARCA_FK">
<createdBy>danie</createdBy>
<createdTime>2026-02-09 22:17:11 UTC</createdTime>
<generatorID>61D9F634-8660-9B23-479D-2441D24CC711</generatorID>
<ownerDesignName>sumativa 2</ownerDesignName>
<indexState>Foreign Key</indexState>
<isSurrogateKey>false</isSurrogateKey>
<indexColumnUsage>
<colUsage columnID="29D9B18D-7344-6D82-8B5A-793613ACD36B"/>
</indexColumnUsage>
</ind_PK_UK>
</indexes>
</Table>