<?xml version = '1.0' encoding = 'UTF-8'?>
<Arc class="oracle.dbtools.crest.model.design.logical.Arc" directorySegmentName="seg_0" id="01A25B12-BF95-A153-C0CA-75E3A4425F3E" name="Arc_2">
<createdBy>danie</createdBy>
<createdTime>2026-01-26 02:23:31 UTC</createdTime>
<ownerDesignName>Ejercio_1</ownerDesignName>
<engineerTo>
<item key="CA95AFBF-8A9E-EB72-B19E-18B8A5FBB9D6" value="true"/>
</engineerTo>
<entity>EBDC9EC0-399E-A5CC-C95A-13C6A96BD6AE</entity>
<relations>
<relationID>F7BFB343-41FD-06DC-AC6C-AE84CA2EFD1B</relationID>
<relationID>CC47A80D-2224-2C72-B3A9-7D009A39DFC9</relationID>
</relations>
</Arc>