<?xml version = '1.0' encoding = 'UTF-8'?>
<Arc class="oracle.dbtools.crest.model.design.logical.Arc" directorySegmentName="seg_0" id="C95E36C6-8D6F-3117-8697-544523056D20" name="Arc_1">
<createdBy>danie</createdBy>
<createdTime>2026-01-26 02:20:04 UTC</createdTime>
<ownerDesignName>Ejercio_1</ownerDesignName>
<engineerTo>
<item key="CA95AFBF-8A9E-EB72-B19E-18B8A5FBB9D6" value="true"/>
</engineerTo>
<entity>A5C8D202-7367-55F6-2BCC-11E64BDC194B</entity>
<relations>
<relationID>5A9AE65A-95EA-FB04-BD7E-E3B6DEECA231</relationID>
<relationID>E4DC5BF7-49CA-C978-FFD5-EDD36FC5E879</relationID>
</relations>
</Arc>