<?xml version = '1.0' encoding = 'UTF-8'?>
<Entity class="oracle.dbtools.crest.model.design.logical.Entity" directorySegmentName="seg_0" id="28D53F17-FAFA-A529-E887-392221C33624" name="BOLETA">
<createdBy>danie</createdBy>
<createdTime>2026-01-26 00:38:58 UTC</createdTime>
<ownerDesignName>Ejercio_1</ownerDesignName>
<engineerTo>
<item key="CA95AFBF-8A9E-EB72-B19E-18B8A5FBB9D6" value="true"/>
</engineerTo>
<adequatelyNormalized>NO</adequatelyNormalized>
<expectedVolumes>0</expectedVolumes>
<fwdEngineeringStrategyName>Single Table</fwdEngineeringStrategyName>
<growthPercent>0</growthPercent>
<growthType>Year</growthType>
<maxVolumes>9999999</maxVolumes>
<minVolumes>0</minVolumes>
<normalForm>Third</normalForm>
<attributes itemClass="oracle.dbtools.crest.model.design.logical.Attribute">
<Attribute name="nro_boleta" id="CCC26691-D439-B011-1586-0D92C4CB481A">
<createdBy>danie</createdBy>
<createdTime>2026-01-26 00:39:04 UTC</createdTime>
<ownerDesignName>Ejercio_1</ownerDesignName>
<engineerTo>
<item key="CA95AFBF-8A9E-EB72-B19E-18B8A5FBB9D6" value="true"/>
</engineerTo>
<useDomainConstraints>false</useDomainConstraints>
<use>1</use>
<logicalDatatype>LOGDT019</logicalDatatype>
<dataTypePrecision>6</dataTypePrecision>
<ownDataTypeParameters>,6,</ownDataTypeParameters>
</Attribute>
<Attribute name="fecha_emision" id="AD5450C1-33C0-F7FF-B272-3109FD7A893E">
<createdBy>danie</createdBy>
<createdTime>2026-01-26 00:39:41 UTC</createdTime>
<ownerDesignName>Ejercio_1</ownerDesignName>
<engineerTo>
<item key="CA95AFBF-8A9E-EB72-B19E-18B8A5FBB9D6" value="true"/>
</engineerTo>
<useDomainConstraints>false</useDomainConstraints>
<use>1</use>
<logicalDatatype>LOGDT007</logicalDatatype>
<ownDataTypeParameters>,,</ownDataTypeParameters>
</Attribute>
<Attribute name="monto_venta" id="0589ECCC-C9DB-B105-2284-719783A0626F">
<createdBy>danie</createdBy>
<createdTime>2026-01-26 00:39:54 UTC</createdTime>
<ownerDesignName>Ejercio_1</ownerDesignName>
<engineerTo>
<item key="CA95AFBF-8A9E-EB72-B19E-18B8A5FBB9D6" value="true"/>
</engineerTo>
<nullsAllowed>true</nullsAllowed>
<useDomainConstraints>false</useDomainConstraints>
<use>1</use>
<logicalDatatype>LOGDT019</logicalDatatype>
<dataTypePrecision>7</dataTypePrecision>
<ownDataTypeParameters>,7,</ownDataTypeParameters>
</Attribute>
<Attribute name="id_cliente" id="969647DD-BA56-BD7D-E262-4CE673600C47">
<createdBy>danie</createdBy>
<createdTime>2026-01-26 01:04:26 UTC</createdTime>
<generatorID>599B3500-92B2-851E-E7CD-3DC9005D8E6C</generatorID>
<ownerDesignName>Ejercio_1</ownerDesignName>
<engineerTo>
<item key="CA95AFBF-8A9E-EB72-B19E-18B8A5FBB9D6" value="true"/>
</engineerTo>
<referedAttribute>129556E1-2669-EAFC-64B6-51E3D0183B1A</referedAttribute>
<useDomainConstraints>false</useDomainConstraints>
<use>1</use>
<logicalDatatype>LOGDT019</logicalDatatype>
<dataTypePrecision>6</dataTypePrecision>
<ownDataTypeParameters>,6,</ownDataTypeParameters>
</Attribute>
<Attribute name="rut_empleado" id="E93126E4-4CE3-546D-2D4E-FFE849C4EE3E">
<createdBy>danie</createdBy>
<createdTime>2026-01-26 01:35:41 UTC</createdTime>
<generatorID>8FCBC667-7353-A828-9FBB-E37992593C80</generatorID>
<ownerDesignName>Ejercio_1</ownerDesignName>
<engineerTo>
<item key="CA95AFBF-8A9E-EB72-B19E-18B8A5FBB9D6" value="true"/>
</engineerTo>
<referedAttribute>8F321D3F-A974-878F-237E-34D48553CED5</referedAttribute>
<useDomainConstraints>false</useDomainConstraints>
<use>1</use>
<logicalDatatype>LOGDT024</logicalDatatype>
<dataTypeSize>9</dataTypeSize>
<ownDataTypeParameters>,,</ownDataTypeParameters>
</Attribute>
</attributes>
<identifiers itemClass="oracle.dbtools.crest.model.design.logical.CandidateKey">
<identifier id="6AAA04D9-6A8A-C6EE-CDFC-81973E9A8966" name="BOLETA PK">
<createdBy>danie</createdBy>
<createdTime>2026-01-26 00:39:33 UTC</createdTime>
<ownerDesignName>Ejercio_1</ownerDesignName>
<engineerTo>
<item key="CA95AFBF-8A9E-EB72-B19E-18B8A5FBB9D6" value="true"/>
</engineerTo>
<pk>true</pk>
<usedAttributes>
<attributeRef>CCC26691-D439-B011-1586-0D92C4CB481A</attributeRef>
</usedAttributes>
</identifier>
</identifiers>
</Entity>