<?xml version = '1.0' encoding = 'UTF-8'?>
<Entity class="oracle.dbtools.crest.model.design.logical.Entity" directorySegmentName="seg_0" id="DB533434-C64D-0DE5-24B5-3FAC9EAB46C4" name="CONTRATO">
<createdBy>danie</createdBy>
<createdTime>2026-01-26 01:36:31 UTC</createdTime>
<ownerDesignName>Ejercio_1</ownerDesignName>
<engineerTo>
<item key="CA95AFBF-8A9E-EB72-B19E-18B8A5FBB9D6" value="true"/>
</engineerTo>
<adequatelyNormalized>NO</adequatelyNormalized>
<expectedVolumes>0</expectedVolumes>
<fwdEngineeringStrategyName>Single Table</fwdEngineeringStrategyName>
<growthPercent>0</growthPercent>
<growthType>Year</growthType>
<maxVolumes>9999999</maxVolumes>
<minVolumes>0</minVolumes>
<normalForm>Third</normalForm>
<attributes itemClass="oracle.dbtools.crest.model.design.logical.Attribute">
<Attribute name="nro_contrato" id="5FEEBB59-3A44-D134-9A90-764EB48D13CE">
<createdBy>danie</createdBy>
<createdTime>2026-01-26 01:36:46 UTC</createdTime>
<ownerDesignName>Ejercio_1</ownerDesignName>
<engineerTo>
<item key="CA95AFBF-8A9E-EB72-B19E-18B8A5FBB9D6" value="true"/>
</engineerTo>
<useDomainConstraints>false</useDomainConstraints>
<use>1</use>
<logicalDatatype>LOGDT019</logicalDatatype>
<dataTypePrecision>9</dataTypePrecision>
<ownDataTypeParameters>,9,</ownDataTypeParameters>
</Attribute>
<Attribute name="nro_sucursal" id="5C97275B-78E6-A0ED-4A34-DBFEAB6A9606">
<createdBy>danie</createdBy>
<createdTime>2026-01-26 01:37:48 UTC</createdTime>
<generatorID>66EAD064-1EE2-DF74-ED3C-107B31AE7158</generatorID>
<ownerDesignName>Ejercio_1</ownerDesignName>
<engineerTo>
<item key="CA95AFBF-8A9E-EB72-B19E-18B8A5FBB9D6" value="true"/>
</engineerTo>
<referedAttribute>78D63600-DD59-2ACE-40FF-5950AF731AEF</referedAttribute>
<useDomainConstraints>false</useDomainConstraints>
<use>1</use>
<logicalDatatype>LOGDT019</logicalDatatype>
<dataTypePrecision>2</dataTypePrecision>
<ownDataTypeParameters>,,</ownDataTypeParameters>
</Attribute>
<Attribute name="tipo_contrato" id="D964EC4B-7336-85CF-D25C-E1C657979EDF">
<createdBy>danie</createdBy>
<createdTime>2026-01-26 01:40:50 UTC</createdTime>
<ownerDesignName>Ejercio_1</ownerDesignName>
<engineerTo>
<item key="CA95AFBF-8A9E-EB72-B19E-18B8A5FBB9D6" value="true"/>
</engineerTo>
<useDomainConstraints>false</useDomainConstraints>
<use>1</use>
<logicalDatatype>LOGDT024</logicalDatatype>
<dataTypeSize>11</dataTypeSize>
<ownDataTypeParameters>11,,</ownDataTypeParameters>
</Attribute>
<Attribute name="id_cargo" id="47790282-6878-4CAB-F561-C3DECD2AD542">
<createdBy>danie</createdBy>
<createdTime>2026-01-26 01:52:03 UTC</createdTime>
<generatorID>67C38241-35AC-A1FE-D6BB-2DFC449F5067</generatorID>
<ownerDesignName>Ejercio_1</ownerDesignName>
<engineerTo>
<item key="CA95AFBF-8A9E-EB72-B19E-18B8A5FBB9D6" value="true"/>
</engineerTo>
<nullsAllowed>true</nullsAllowed>
<referedAttribute>41A2504C-1B82-4AF1-E273-AB18ABE2A8C4</referedAttribute>
<useDomainConstraints>false</useDomainConstraints>
<use>1</use>
<logicalDatatype>LOGDT019</logicalDatatype>
<dataTypePrecision>2</dataTypePrecision>
<ownDataTypeParameters>,,</ownDataTypeParameters>
</Attribute>
<Attribute name="rut_empleado" id="8893C780-02BD-D139-FE26-B8A150657AB6">
<createdBy>danie</createdBy>
<createdTime>2026-01-26 01:58:24 UTC</createdTime>
<generatorID>BDE7A01E-864B-A2D0-AE46-8C242260B0E9</generatorID>
<ownerDesignName>Ejercio_1</ownerDesignName>
<engineerTo>
<item key="CA95AFBF-8A9E-EB72-B19E-18B8A5FBB9D6" value="true"/>
</engineerTo>
<referedAttribute>8F321D3F-A974-878F-237E-34D48553CED5</referedAttribute>
<useDomainConstraints>false</useDomainConstraints>
<use>1</use>
<logicalDatatype>LOGDT024</logicalDatatype>
<dataTypeSize>9</dataTypeSize>
<ownDataTypeParameters>,,</ownDataTypeParameters>
</Attribute>
</attributes>
<identifiers itemClass="oracle.dbtools.crest.model.design.logical.CandidateKey">
<identifier id="D87143A9-F110-AE26-F6F1-E5D6BF6F2D8D" name="CONTRATO PK">
<createdBy>danie</createdBy>
<createdTime>2026-01-26 01:37:15 UTC</createdTime>
<ownerDesignName>Ejercio_1</ownerDesignName>
<engineerTo>
<item key="CA95AFBF-8A9E-EB72-B19E-18B8A5FBB9D6" value="true"/>
</engineerTo>
<pk>true</pk>
<usedAttributes>
<attributeRef>5FEEBB59-3A44-D134-9A90-764EB48D13CE</attributeRef>
<attributeRef>5C97275B-78E6-A0ED-4A34-DBFEAB6A9606</attributeRef>
<attributeRef>8893C780-02BD-D139-FE26-B8A150657AB6</attributeRef>
</usedAttributes>
</identifier>
</identifiers>
</Entity>