<?xml version = '1.0' encoding = 'UTF-8'?>
<Entity class="oracle.dbtools.crest.model.design.logical.Entity" directorySegmentName="seg_0" id="EBDC9EC0-399E-A5CC-C95A-13C6A96BD6AE" name="CLIENTE">
<createdBy>danie</createdBy>
<createdTime>2026-01-25 22:39:51 UTC</createdTime>
<ownerDesignName>Ejercio_1</ownerDesignName>
<engineerTo>
<item key="CA95AFBF-8A9E-EB72-B19E-18B8A5FBB9D6" value="true"/>
</engineerTo>
<adequatelyNormalized>NO</adequatelyNormalized>
<expectedVolumes>0</expectedVolumes>
<fwdEngineeringStrategyName>Single Table</fwdEngineeringStrategyName>
<growthPercent>0</growthPercent>
<growthType>Year</growthType>
<hierarchicalParent>85CC0B24-53B3-44D3-CB51-3682420A589C</hierarchicalParent>
<maxVolumes>9999999</maxVolumes>
<minVolumes>0</minVolumes>
<normalForm>Third</normalForm>
<attributes itemClass="oracle.dbtools.crest.model.design.logical.Attribute">
<Attribute name="id_cliente" id="129556E1-2669-EAFC-64B6-51E3D0183B1A">
<createdBy>danie</createdBy>
<createdTime>2026-01-26 00:58:50 UTC</createdTime>
<ownerDesignName>Ejercio_1</ownerDesignName>
<engineerTo>
<item key="CA95AFBF-8A9E-EB72-B19E-18B8A5FBB9D6" value="true"/>
</engineerTo>
<useDomainConstraints>false</useDomainConstraints>
<use>1</use>
<logicalDatatype>LOGDT019</logicalDatatype>
<dataTypePrecision>6</dataTypePrecision>
<ownDataTypeParameters>,6,</ownDataTypeParameters>
</Attribute>
<Attribute name="email" id="8F43C7D9-53AD-279D-5C11-6741D7314C15">
<createdBy>danie</createdBy>
<createdTime>2026-01-25 22:39:57 UTC</createdTime>
<ownerDesignName>Ejercio_1</ownerDesignName>
<engineerTo>
<item key="CA95AFBF-8A9E-EB72-B19E-18B8A5FBB9D6" value="true"/>
</engineerTo>
<useDomainConstraints>false</useDomainConstraints>
<use>1</use>
<logicalDatatype>LOGDT024</logicalDatatype>
<dataTypeSize>30</dataTypeSize>
<ownDataTypeParameters>30,,</ownDataTypeParameters>
</Attribute>
<Attribute name="nro_contacto" id="BF71A1BA-0504-4232-99C0-C907611CE083">
<createdBy>danie</createdBy>
<createdTime>2026-01-26 00:38:15 UTC</createdTime>
<ownerDesignName>Ejercio_1</ownerDesignName>
<engineerTo>
<item key="CA95AFBF-8A9E-EB72-B19E-18B8A5FBB9D6" value="true"/>
</engineerTo>
<nullsAllowed>true</nullsAllowed>
<useDomainConstraints>false</useDomainConstraints>
<use>1</use>
<logicalDatatype>LOGDT024</logicalDatatype>
<dataTypeSize>121</dataTypeSize>
<ownDataTypeParameters>121,,</ownDataTypeParameters>
</Attribute>
<Attribute name="puntaje" id="94B8EF51-C23A-7562-3D30-C08EC5CFE9D3">
<createdBy>danie</createdBy>
<createdTime>2026-01-26 01:30:19 UTC</createdTime>
<ownerDesignName>Ejercio_1</ownerDesignName>
<engineerTo>
<item key="CA95AFBF-8A9E-EB72-B19E-18B8A5FBB9D6" value="true"/>
</engineerTo>
<useDomainConstraints>false</useDomainConstraints>
<use>1</use>
<logicalDatatype>LOGDT019</logicalDatatype>
<dataTypePrecision>5</dataTypePrecision>
<ownDataTypeParameters>,5,</ownDataTypeParameters>
</Attribute>
<Attribute name="categoria_cliente" id="E352D458-C1B4-528C-C71A-15F4CFCB56E4">
<createdBy>danie</createdBy>
<createdTime>2026-01-26 01:31:04 UTC</createdTime>
<ownerDesignName>Ejercio_1</ownerDesignName>
<engineerTo>
<item key="CA95AFBF-8A9E-EB72-B19E-18B8A5FBB9D6" value="true"/>
</engineerTo>
<useDomainConstraints>false</useDomainConstraints>
<use>1</use>
<logicalDatatype>LOGDT025</logicalDatatype>
<dataTypeSize>3</dataTypeSize>
<ownDataTypeParameters>3,,</ownDataTypeParameters>
</Attribute>
</attributes>
<identifiers itemClass="oracle.dbtools.crest.model.design.logical.CandidateKey">
<identifier id="A8EBB2DD-FC17-21CC-7A93-98401F26B6E8" name="email_usuario">
<createdBy>danie</createdBy>
<createdTime>2026-01-25 22:45:19 UTC</createdTime>
<ownerDesignName>Ejercio_1</ownerDesignName>
<engineerTo>
<item key="CA95AFBF-8A9E-EB72-B19E-18B8A5FBB9D6" value="true"/>
</engineerTo>
<newElementsIDs>8F43C7D9-53AD-279D-5C11-6741D7314C15</newElementsIDs>
<usedAttributes>
<attributeRef>8F43C7D9-53AD-279D-5C11-6741D7314C15</attributeRef>
</usedAttributes>
</identifier>
<identifier id="172EA1B6-5E99-772D-13B6-D60784A63929" name="CLIENTE PK">
<createdBy>danie</createdBy>
<createdTime>2026-01-26 00:59:06 UTC</createdTime>
<ownerDesignName>Ejercio_1</ownerDesignName>
<engineerTo>
<item key="CA95AFBF-8A9E-EB72-B19E-18B8A5FBB9D6" value="true"/>
</engineerTo>
<pk>true</pk>
<usedAttributes>
<attributeRef>129556E1-2669-EAFC-64B6-51E3D0183B1A</attributeRef>
</usedAttributes>
</identifier>
</identifiers>
</Entity>