<?xml version = '1.0' encoding = 'UTF-8'?>
<InheritanceRelation class="oracle.dbtools.crest.model.design.logical.InheritanceRelation" name="Hierarchy_2" directorySegmentName="seg_0" id="773A8BE2-9AAB-CC99-B669-1FCF08F803B2">
<createdBy>lianl</createdBy>
<createdTime>2026-01-31 21:04:04 UTC</createdTime>
<ownerDesignName>sumativa</ownerDesignName>
<engineerTo>
<item key="8F17375C-7890-8D43-0141-7222F5C201AE" value="true"/>
</engineerTo>
<identifying>false</identifying>
<nameOnSource>Super Type</nameOnSource>
<nameOnTarget>Sub Type</nameOnTarget>
<optionalSource>true</optionalSource>
<optionalTarget>true</optionalTarget>
<sourceEntity>E757A688-55CD-028A-0503-741E64DC897A</sourceEntity>
<targetEntity>AC2073B1-5685-CEBF-BEA3-18B50EEC6C2B</targetEntity>
<transferable>true</transferable>
<deleteRule>NO ACTION</deleteRule>
</InheritanceRelation>