<?xml version = '1.0' encoding = 'UTF-8'?>
<Relation class="oracle.dbtools.crest.model.design.logical.Relation" name="BOLETA_CLIENTE" directorySegmentName="seg_0" id="106CC66A-C129-D42F-EF13-DB9B5B812222">
<createdBy>danie</createdBy>
<createdTime>2026-02-09 21:37:59 UTC</createdTime>
<ownerDesignName>sumativa 2</ownerDesignName>
<engineerTo>
<item key="CE26A199-108A-2113-4A62-87C64670D0C4" value="true"/>
</engineerTo>
<sourceTransferable>false</sourceTransferable>
<targetTransferable>false</targetTransferable>
<sourcePk>311178CE-4998-2450-9D06-697B52577CDD</sourcePk>
<identifying>false</identifying>
<optionalSource>false</optionalSource>
<optionalTarget>false</optionalTarget>
<sourceCardinality>1</sourceCardinality>
<sourceEntity>3D8E977D-98ED-7823-E521-0E3ABBE21F88</sourceEntity>
<targetCardinalityString>*</targetCardinalityString>
<targetEntity>945CAB01-6D94-37E6-18A6-80BED04C6601</targetEntity>
<transferable>true</transferable>
<deleteRule>NO ACTION</deleteRule>
</Relation>