<?xml version = '1.0' encoding = 'UTF-8'?>
<Relation class="oracle.dbtools.crest.model.design.logical.Relation" name="VENTA_SUCURSAL" directorySegmentName="seg_0" id="18E5DE73-3E1F-33EA-359B-786B5C3C75E8">
<createdBy>danie</createdBy>
<createdTime>2026-02-09 20:52:50 UTC</createdTime>
<ownerDesignName>sumativa 2</ownerDesignName>
<engineerTo>
<item key="CE26A199-108A-2113-4A62-87C64670D0C4" value="true"/>
</engineerTo>
<sourcePk>F4074AF0-CAFB-25B1-3E9A-AC890D9F8AED</sourcePk>
<identifying>true</identifying>
<optionalSource>false</optionalSource>
<optionalTarget>false</optionalTarget>
<sourceCardinality>1</sourceCardinality>
<sourceEntity>206A57A7-7EC0-44EE-0CE8-DC6CCD420087</sourceEntity>
<targetCardinalityString>*</targetCardinalityString>
<targetEntity>945CAB01-6D94-37E6-18A6-80BED04C6601</targetEntity>
<transferable>true</transferable>
<deleteRule>NO ACTION</deleteRule>
</Relation>