<?xml version = '1.0' encoding = 'UTF-8'?>
<Relation class="oracle.dbtools.crest.model.design.logical.Relation" name="MODELOS_MARCA" directorySegmentName="seg_0" id="22DF369C-D5AE-B653-EADA-94E52938C38D">
<createdBy>danie</createdBy>
<createdTime>2026-02-09 21:42:10 UTC</createdTime>
<ownerDesignName>sumativa 2</ownerDesignName>
<engineerTo>
<item key="CE26A199-108A-2113-4A62-87C64670D0C4" value="true"/>
</engineerTo>
<sourceTransferable>false</sourceTransferable>
<targetTransferable>false</targetTransferable>
<sourcePk>50D3D7BE-9034-081B-E1A1-DAD0219EB4AF</sourcePk>
<identifying>false</identifying>
<optionalSource>false</optionalSource>
<optionalTarget>false</optionalTarget>
<sourceCardinality>1</sourceCardinality>
<sourceEntity>58DC7C93-16DA-7476-888A-CC5AF131DC62</sourceEntity>
<targetCardinalityString>*</targetCardinalityString>
<targetEntity>0898B4C5-004F-FA69-B37C-86F3BF473598</targetEntity>
<transferable>true</transferable>
<deleteRule>NO ACTION</deleteRule>
</Relation>