<?xml version = '1.0' encoding = 'UTF-8'?>
<Relation class="oracle.dbtools.crest.model.design.logical.Relation" name="DETALLE_BOLETA" directorySegmentName="seg_0" id="26A9B737-B7E5-BC3F-31A0-8CD0B2A451B1">
<createdBy>danie</createdBy>
<createdTime>2026-02-09 20:57:35 UTC</createdTime>
<ownerDesignName>sumativa 2</ownerDesignName>
<engineerTo>
<item key="CE26A199-108A-2113-4A62-87C64670D0C4" value="true"/>
</engineerTo>
<sourceTransferable>false</sourceTransferable>
<targetTransferable>false</targetTransferable>
<sourcePk>740EF290-1014-77DF-2928-4E9C724769E1</sourcePk>
<identifying>false</identifying>
<optionalSource>false</optionalSource>
<optionalTarget>false</optionalTarget>
<sourceCardinality>*</sourceCardinality>
<sourceEntity>945CAB01-6D94-37E6-18A6-80BED04C6601</sourceEntity>
<targetCardinalityString>*</targetCardinalityString>
<targetEntity>0898B4C5-004F-FA69-B37C-86F3BF473598</targetEntity>
<transferable>true</transferable>
<deleteRule>NO ACTION</deleteRule>
<attributes itemClass="oracle.dbtools.crest.model.design.logical.Attribute">
<attribute name="cantidad_producto" id="F06B2FBF-CEE0-940E-90AF-0CDE7DCF5627">
<createdBy>danie</createdBy>
<createdTime>2026-02-09 20:58:13 UTC</createdTime>
<ownerDesignName>sumativa 2</ownerDesignName>
<engineerTo>
<item key="CE26A199-108A-2113-4A62-87C64670D0C4" value="true"/>
</engineerTo>
<useDomainConstraints>false</useDomainConstraints>
<use>1</use>
<logicalDatatype>LOGDT019</logicalDatatype>
<dataTypePrecision>2</dataTypePrecision>
<dataTypeScale>0</dataTypeScale>
<ownDataTypeParameters>,2,0</ownDataTypeParameters>
</attribute>
</attributes>
</Relation>