<?xml version = '1.0' encoding = 'UTF-8'?>
<Relation class="oracle.dbtools.crest.model.design.logical.Relation" name="COMUNA_SUCURSAL" directorySegmentName="seg_0" id="3C9CDAAD-65FD-B449-B255-1345EF58FC25">
<createdBy>danie</createdBy>
<createdTime>2026-02-09 20:49:01 UTC</createdTime>
<ownerDesignName>sumativa 2</ownerDesignName>
<engineerTo>
<item key="CE26A199-108A-2113-4A62-87C64670D0C4" value="true"/>
</engineerTo>
<sourceTransferable>false</sourceTransferable>
<targetTransferable>false</targetTransferable>
<sourcePk>79B20ECA-476C-D15D-5541-DAE9B32BE24F</sourcePk>
<identifying>false</identifying>
<optionalSource>false</optionalSource>
<optionalTarget>true</optionalTarget>
<sourceCardinality>1</sourceCardinality>
<sourceEntity>78F53993-E065-F855-CB87-6FB03E5BD71A</sourceEntity>
<targetCardinalityString>*</targetCardinalityString>
<targetEntity>206A57A7-7EC0-44EE-0CE8-DC6CCD420087</targetEntity>
<transferable>true</transferable>
<deleteRule>NO ACTION</deleteRule>
</Relation>