<?xml version = '1.0' encoding = 'UTF-8'?>
<Relation class="oracle.dbtools.crest.model.design.logical.Relation" name="PROVEEDORES_COMUNA" directorySegmentName="seg_0" id="504C4BE9-2FF7-4EE2-97BF-DEAEE4392698">
<createdBy>danie</createdBy>
<createdTime>2026-02-09 21:30:27 UTC</createdTime>
<ownerDesignName>sumativa 2</ownerDesignName>
<engineerTo>
<item key="CE26A199-108A-2113-4A62-87C64670D0C4" value="true"/>
</engineerTo>
<sourcePk>79B20ECA-476C-D15D-5541-DAE9B32BE24F</sourcePk>
<identifying>false</identifying>
<optionalSource>false</optionalSource>
<optionalTarget>true</optionalTarget>
<sourceCardinality>1</sourceCardinality>
<sourceEntity>78F53993-E065-F855-CB87-6FB03E5BD71A</sourceEntity>
<targetCardinalityString>*</targetCardinalityString>
<targetEntity>C7C2D68D-7296-D89A-775D-AC23662F043B</targetEntity>
<transferable>true</transferable>
<deleteRule>NO ACTION</deleteRule>
</Relation>