<?xml version = '1.0' encoding = 'UTF-8'?>
<Relation class="oracle.dbtools.crest.model.design.logical.Relation" name="MARCA_PRODUCTO" directorySegmentName="seg_0" id="61D9F634-8660-9B23-479D-2441D24CC711">
<createdBy>danie</createdBy>
<createdTime>2026-02-09 21:03:14 UTC</createdTime>
<ownerDesignName>sumativa 2</ownerDesignName>
<engineerTo>
<item key="CE26A199-108A-2113-4A62-87C64670D0C4" value="true"/>
</engineerTo>
<sourceTransferable>false</sourceTransferable>
<targetTransferable>false</targetTransferable>
<sourcePk>1323CDB3-12A1-084D-DBFA-0E44A1368D13</sourcePk>
<identifying>true</identifying>
<optionalSource>false</optionalSource>
<optionalTarget>false</optionalTarget>
<sourceCardinality>1</sourceCardinality>
<sourceEntity>901E7FE4-036F-C69A-ECF0-01B904F6725D</sourceEntity>
<targetCardinalityString>*</targetCardinalityString>
<targetEntity>58DC7C93-16DA-7476-888A-CC5AF131DC62</targetEntity>
<transferable>true</transferable>
<deleteRule>NO ACTION</deleteRule>
</Relation>