<?xml version = '1.0' encoding = 'UTF-8'?>
<Relation class="oracle.dbtools.crest.model.design.logical.Relation" name="COMUNA_CLIENTE" directorySegmentName="seg_0" id="8940CDA0-9FCB-3ABD-5940-2E4DA9E89FA2">
<createdBy>danie</createdBy>
<createdTime>2026-02-09 21:35:03 UTC</createdTime>
<ownerDesignName>sumativa 2</ownerDesignName>
<engineerTo>
<item key="CE26A199-108A-2113-4A62-87C64670D0C4" value="true"/>
</engineerTo>
<sourceTransferable>false</sourceTransferable>
<targetTransferable>false</targetTransferable>
<sourcePk>79B20ECA-476C-D15D-5541-DAE9B32BE24F</sourcePk>
<identifying>false</identifying>
<optionalSource>false</optionalSource>
<optionalTarget>true</optionalTarget>
<sourceCardinality>1</sourceCardinality>
<sourceEntity>78F53993-E065-F855-CB87-6FB03E5BD71A</sourceEntity>
<targetCardinalityString>*</targetCardinalityString>
<targetEntity>3D8E977D-98ED-7823-E521-0E3ABBE21F88</targetEntity>
<transferable>true</transferable>
<deleteRule>NO ACTION</deleteRule>
</Relation>