<?xml version = '1.0' encoding = 'UTF-8'?>
<Relation class="oracle.dbtools.crest.model.design.logical.Relation" name="COMUNAS_REGION" directorySegmentName="seg_0" id="AD942125-0D4E-A8DC-4004-C0B490FD6F1A">
<createdBy>danie</createdBy>
<createdTime>2026-02-09 21:32:18 UTC</createdTime>
<ownerDesignName>sumativa 2</ownerDesignName>
<engineerTo>
<item key="CE26A199-108A-2113-4A62-87C64670D0C4" value="true"/>
</engineerTo>
<sourceTransferable>false</sourceTransferable>
<targetTransferable>false</targetTransferable>
<sourcePk>F794C6D9-9A0B-1ED8-583B-45D199C58504</sourcePk>
<identifying>false</identifying>
<optionalSource>false</optionalSource>
<optionalTarget>false</optionalTarget>
<sourceCardinality>1</sourceCardinality>
<sourceEntity>08A7F8E2-D261-A20E-8957-466612F17DBC</sourceEntity>
<targetCardinalityString>*</targetCardinalityString>
<targetEntity>78F53993-E065-F855-CB87-6FB03E5BD71A</targetEntity>
<transferable>true</transferable>
<deleteRule>NO ACTION</deleteRule>
</Relation>