<?xml version = '1.0' encoding = 'UTF-8'?>
<FKIndexAssociation class="oracle.dbtools.crest.model.design.relational.FKIndexAssociation" directorySegmentName="seg_0" id="2C3037A0-A235-6BCA-ED6A-CD955EA7EBC8" containerWithKeyObject="1F76D456-5C18-EC38-9A26-D57BE44045B5" localFKIndex="9A12B498-F4ED-41C2-0577-95FA6FE6ED72" name="Postulacion_internacional_Postulacion_FK">
<createdBy>lianl</createdBy>
<createdTime>2026-01-31 22:04:52 UTC</createdTime>
<generatorID>32AA017D-0674-B752-EB00-E19E167669C4</generatorID>
<ownerDesignName>sumativa2_cambios</ownerDesignName>
<referredTableLongName>Postulacion</referredTableLongName>
<arc>75D00ECA-B35B-3C3D-AB82-10C8F75F8D2B</arc>
<deleteRule>NO ACTION</deleteRule>
<referredTableID>9139D36F-D88C-C36E-75C2-2FE7B9C734E6</referredTableID>
<keyObject>6A38F707-E914-5D81-4645-9C7997F86EE6</keyObject>
<referredKeyID>6A38F707-E914-5D81-4645-9C7997F86EE6</referredKeyID>
<mandatory>true</mandatory>
<refColNames>id_postulacion</refColNames>
<transferable>true</transferable>
<rely>false</rely>
<columnDependencyConstraintGenerateInDDL>true</columnDependencyConstraintGenerateInDDL>
</FKIndexAssociation>