<?xml version = '1.0' encoding = 'UTF-8'?>
<FKIndexAssociation class="oracle.dbtools.crest.model.design.relational.FKIndexAssociation" directorySegmentName="seg_0" id="502A5426-E5A6-0454-9FF4-5747600C0C9C" containerWithKeyObject="49E8DEA7-4ED1-6E00-36FE-54F621E924C4" localFKIndex="8B2C6125-C6D4-01B9-B10B-415A03D3DED7" name="Postulacion_idioma_Postulacion_internacional_FK">
<createdBy>lianl</createdBy>
<createdTime>2026-01-31 22:04:52 UTC</createdTime>
<generatorID>E4843F86-54D7-7CE0-D4AD-283A69D8124E</generatorID>
<ownerDesignName>sumativa2_cambios</ownerDesignName>
<referredTableLongName>Postulacion_internacional</referredTableLongName>
<deleteRule>NO ACTION</deleteRule>
<referredTableID>1F76D456-5C18-EC38-9A26-D57BE44045B5</referredTableID>
<keyObject>629BF243-F2F1-4129-208E-00DDA737110A</keyObject>
<referredKeyID>629BF243-F2F1-4129-208E-00DDA737110A</referredKeyID>
<mandatory>true</mandatory>
<refColNames>id_postulacion</refColNames>
<transferable>true</transferable>
<rely>false</rely>
<columnDependencyConstraintGenerateInDDL>true</columnDependencyConstraintGenerateInDDL>
</FKIndexAssociation>