<?xml version = '1.0' encoding = 'UTF-8'?>
<FKIndexAssociation class="oracle.dbtools.crest.model.design.relational.FKIndexAssociation" directorySegmentName="seg_0" id="6FF5A331-DDF7-9E4C-3CBF-C312AD3CB3B6" containerWithKeyObject="9139D36F-D88C-C36E-75C2-2FE7B9C734E6" localFKIndex="D9B47EE3-634A-731A-C315-27EBA659CE3F" name="Postulacion_Postulante_FK">
<createdBy>lianl</createdBy>
<createdTime>2026-01-31 22:04:52 UTC</createdTime>
<generatorID>77925378-9856-10DC-2413-4A69D5517495</generatorID>
<ownerDesignName>sumativa2_cambios</ownerDesignName>
<referredTableLongName>Postulante</referredTableLongName>
<deleteRule>NO ACTION</deleteRule>
<referredTableID>B43D5346-43D5-7AEF-B86F-623141C21F59</referredTableID>
<keyObject>468F548A-0317-BB37-FC50-DD5FC8B70BEB</keyObject>
<referredKeyID>468F548A-0317-BB37-FC50-DD5FC8B70BEB</referredKeyID>
<mandatory>true</mandatory>
<refColNames>id_postulante</refColNames>
<transferable>true</transferable>
<rely>false</rely>
<columnDependencyConstraintGenerateInDDL>true</columnDependencyConstraintGenerateInDDL>
</FKIndexAssociation>