<?xml version = '1.0' encoding = 'UTF-8'?>
<FKIndexAssociation class="oracle.dbtools.crest.model.design.relational.FKIndexAssociation" directorySegmentName="seg_0" id="89440E2F-D046-4C97-E6EA-1342DC56FF41" containerWithKeyObject="49E8DEA7-4ED1-6E00-36FE-54F621E924C4" localFKIndex="B80514E1-00D5-22A6-C8EF-F594E2BE4392" name="Postulacion_idioma_Idioma_FK">
<createdBy>lianl</createdBy>
<createdTime>2026-01-31 22:04:52 UTC</createdTime>
<generatorID>DBE87E0B-8937-7E99-DD06-4E19E4730366</generatorID>
<ownerDesignName>sumativa2_cambios</ownerDesignName>
<referredTableLongName>Idioma</referredTableLongName>
<deleteRule>NO ACTION</deleteRule>
<referredTableID>1B9F388B-B648-268F-5334-E84E6B4793CF</referredTableID>
<keyObject>D32C1F4F-24AA-3B59-3CA0-51C6A2B63AAF</keyObject>
<referredKeyID>D32C1F4F-24AA-3B59-3CA0-51C6A2B63AAF</referredKeyID>
<mandatory>true</mandatory>
<refColNames>id_idioma</refColNames>
<transferable>true</transferable>
<rely>false</rely>
<columnDependencyConstraintGenerateInDDL>true</columnDependencyConstraintGenerateInDDL>
</FKIndexAssociation>