<?xml version = '1.0' encoding = 'UTF-8'?>
<Diagram class="oracle.dbtools.crest.swingui.logical.DPVLogical" name="Logical" id="297986BB-B771-66B0-8E01-621664DA6D5F">
<createdBy>danie</createdBy>
<modifiedBy>danie</modifiedBy>
<createdTime>2026-02-09 20:16:51 UTC</createdTime>
<autoRoute>false</autoRoute>
<boxInbox>false</boxInbox>
<showLegend>false</showLegend>
<showLabels>false</showLabels>
<showRelAttributes>true</showRelAttributes>
<gridEnabled>false</gridEnabled>
<showGrid>false</showGrid>
<diagramColor>-1</diagramColor>
<display>false</display>
<notation>1</notation>
<objectViews>
<OView class="oracle.dbtools.crest.swingui.logical.TVEntity" oid="0898B4C5-004F-FA69-B37C-86F3BF473598" otype="Entity" vid="A91800BC-A8D7-A5B7-5BF9-2A0DA1377800">
<hideElementsInCurrentOnly>false</hideElementsInCurrentOnly>
<bounds x="884" y="485" width="245" height="165"/>
</OView>
<OView class="oracle.dbtools.crest.swingui.logical.TVEntity" oid="08A7F8E2-D261-A20E-8957-466612F17DBC" otype="Entity" vid="783A13E6-FCF4-F034-F2D0-D28CBD73F37E">
<hideElementsInCurrentOnly>false</hideElementsInCurrentOnly>
<bounds x="66" y="448" width="232" height="98"/>
</OView>
<OView class="oracle.dbtools.crest.swingui.logical.TVEntity" oid="09AB0428-BF91-E863-3FC5-5034E0274D57" otype="Entity" vid="CA32C4E2-7C96-5052-8C09-FC0D1FF0C3D8">
<hideElementsInCurrentOnly>false</hideElementsInCurrentOnly>
<bounds x="72" y="81" width="209" height="94"/>
</OView>
<OView class="oracle.dbtools.crest.swingui.logical.TVEntity" oid="206A57A7-7EC0-44EE-0CE8-DC6CCD420087" otype="Entity" vid="DF7ABBFB-3772-12E4-95E0-90F09944A7D8">
<hideElementsInCurrentOnly>false</hideElementsInCurrentOnly>
<bounds x="548" y="66" width="254" height="153"/>
</OView>
<OView class="oracle.dbtools.crest.swingui.logical.TVEntity" oid="23ADCEB3-A002-D3B3-3080-45CDDF3FB7A4" otype="Entity" vid="55EEFB3D-86A7-7039-688A-494885B379FF">
<hideElementsInCurrentOnly>false</hideElementsInCurrentOnly>
<bounds x="305" y="83" width="181" height="92"/>
</OView>
<OView class="oracle.dbtools.crest.swingui.logical.TVEntity" oid="3D8E977D-98ED-7823-E521-0E3ABBE21F88" otype="Entity" vid="F72B3AD5-E94A-FE34-50A8-BE029448B3C3">
<hideElementsInCurrentOnly>false</hideElementsInCurrentOnly>
<bounds x="63" y="570" width="236" height="166"/>
</OView>
<OView class="oracle.dbtools.crest.swingui.logical.TVEntity" oid="58DC7C93-16DA-7476-888A-CC5AF131DC62" otype="Entity" vid="AD54D15E-F667-7FC2-17E6-3EB083FEE508">
<hideElementsInCurrentOnly>false</hideElementsInCurrentOnly>
<bounds x="873" y="195" width="282" height="215"/>
</OView>
<OView class="oracle.dbtools.crest.swingui.logical.TVEntity" oid="78F53993-E065-F855-CB87-6FB03E5BD71A" otype="Entity" vid="EF61495D-EC75-0643-A209-3493D4243AA6">
<hideElementsInCurrentOnly>false</hideElementsInCurrentOnly>
<bounds x="558" y="337" width="250" height="111"/>
</OView>
<OView class="oracle.dbtools.crest.swingui.logical.TVEntity" oid="901E7FE4-036F-C69A-ECF0-01B904F6725D" otype="Entity" vid="EE17D2CB-7A2C-313E-21F0-6E1B8411798A">
<hideElementsInCurrentOnly>false</hideElementsInCurrentOnly>
<bounds x="886" y="50" width="229" height="81"/>
</OView>
<OView class="oracle.dbtools.crest.swingui.logical.TVEntity" oid="945CAB01-6D94-37E6-18A6-80BED04C6601" otype="Entity" vid="EEB291C9-DB69-46BC-3494-0B2DD528D4E5">
<hideElementsInCurrentOnly>false</hideElementsInCurrentOnly>
<bounds x="447" y="518" width="240" height="149"/>
</OView>
<OView class="oracle.dbtools.crest.swingui.logical.TVEntity" oid="C7C2D68D-7296-D89A-775D-AC23662F043B" otype="Entity" vid="7D695044-C960-67EA-4BDB-C0AFC5F11AB5">
<hideElementsInCurrentOnly>false</hideElementsInCurrentOnly>
<bounds x="68" y="232" width="413" height="180"/>
</OView>
</objectViews>
<connectors>
<Connector class="oracle.dbtools.crest.swingui.logical.TVRelation" oid="106CC66A-C129-D42F-EF13-DB9B5B812222" otype="Relation" vid_source="F72B3AD5-E94A-FE34-50A8-BE029448B3C3" vid_target="EEB291C9-DB69-46BC-3494-0B2DD528D4E5">
<hideElementsInCurrentOnly>false</hideElementsInCurrentOnly>
<backgroundColor>-16777216</backgroundColor>
<lineWidth>1</lineWidth>
<points>
<point x="299" y="618"/>
<point x="447" y="618"/>
</points>
</Connector>
<Connector class="oracle.dbtools.crest.swingui.logical.TVRelation" oid="18E5DE73-3E1F-33EA-359B-786B5C3C75E8" otype="Relation" vid_source="DF7ABBFB-3772-12E4-95E0-90F09944A7D8" vid_target="EEB291C9-DB69-46BC-3494-0B2DD528D4E5">
<hideElementsInCurrentOnly>false</hideElementsInCurrentOnly>
<backgroundColor>-16777216</backgroundColor>
<lineWidth>1</lineWidth>
<points>
<point x="802" y="192"/>
<point x="838" y="192"/>
<point x="839" y="578"/>
<point x="687" y="578"/>
</points>
</Connector>
<Connector class="oracle.dbtools.crest.swingui.logical.TVRelation" oid="22DF369C-D5AE-B653-EADA-94E52938C38D" otype="Relation" vid_source="AD54D15E-F667-7FC2-17E6-3EB083FEE508" vid_target="A91800BC-A8D7-A5B7-5BF9-2A0DA1377800">
<hideElementsInCurrentOnly>false</hideElementsInCurrentOnly>
<backgroundColor>-16777216</backgroundColor>
<lineWidth>1</lineWidth>
<points>
<point x="1006" y="410"/>
<point x="1006" y="485"/>
</points>
</Connector>
<Connector class="oracle.dbtools.crest.swingui.logical.TVRelation" oid="26A9B737-B7E5-BC3F-31A0-8CD0B2A451B1" otype="Relation" vid_source="EEB291C9-DB69-46BC-3494-0B2DD528D4E5" vid_target="A91800BC-A8D7-A5B7-5BF9-2A0DA1377800">
<hideElementsInCurrentOnly>false</hideElementsInCurrentOnly>
<backgroundColor>-16777216</backgroundColor>
<lineWidth>1</lineWidth>
<centerLabel class="oracle.dbtools.crest.model.design.Label">
<site>1</site>
<labelBounds x="0" y="54" width="226" height="30"/>
<noBackgroundColor>true</noBackgroundColor>
<noForegroundColor>true</noForegroundColor>
</centerLabel>
<points>
<point x="551" y="667"/>
<point x="551" y="710"/>
<point x="982" y="710"/>
<point x="982" y="650"/>
</points>
</Connector>
<Connector class="oracle.dbtools.crest.swingui.logical.TVInheritanceRelation" oid="320FFCBB-8D8A-DD05-245A-8EEB3A2360B2" otype="Hierarchy relation" vid_source="7D695044-C960-67EA-4BDB-C0AFC5F11AB5" vid_target="55EEFB3D-86A7-7039-688A-494885B379FF">
<hideElementsInCurrentOnly>false</hideElementsInCurrentOnly>
<backgroundColor>-65536</backgroundColor>
<lineWidth>1</lineWidth>
<points>
<point x="393" y="232"/>
<point x="393" y="175"/>
</points>
</Connector>
<Connector class="oracle.dbtools.crest.swingui.logical.TVRelation" oid="3C9CDAAD-65FD-B449-B255-1345EF58FC25" otype="Relation" vid_source="EF61495D-EC75-0643-A209-3493D4243AA6" vid_target="DF7ABBFB-3772-12E4-95E0-90F09944A7D8">
<hideElementsInCurrentOnly>false</hideElementsInCurrentOnly>
<backgroundColor>-16777216</backgroundColor>
<lineWidth>1</lineWidth>
<points>
<point x="680" y="337"/>
<point x="680" y="219"/>
</points>
</Connector>
<Connector class="oracle.dbtools.crest.swingui.logical.TVRelation" oid="504C4BE9-2FF7-4EE2-97BF-DEAEE4392698" otype="Relation" vid_source="EF61495D-EC75-0643-A209-3493D4243AA6" vid_target="7D695044-C960-67EA-4BDB-C0AFC5F11AB5">
<hideElementsInCurrentOnly>false</hideElementsInCurrentOnly>
<backgroundColor>-16777216</backgroundColor>
<lineWidth>1</lineWidth>
<points>
<point x="558" y="374"/>
<point x="481" y="374"/>
</points>
</Connector>
<Connector class="oracle.dbtools.crest.swingui.logical.TVRelation" oid="61D9F634-8660-9B23-479D-2441D24CC711" otype="Relation" vid_source="EE17D2CB-7A2C-313E-21F0-6E1B8411798A" vid_target="AD54D15E-F667-7FC2-17E6-3EB083FEE508">
<hideElementsInCurrentOnly>false</hideElementsInCurrentOnly>
<backgroundColor>-16777216</backgroundColor>
<lineWidth>1</lineWidth>
<points>
<point x="1000" y="131"/>
<point x="1000" y="195"/>
</points>
</Connector>
<Connector class="oracle.dbtools.crest.swingui.logical.TVRelation" oid="8940CDA0-9FCB-3ABD-5940-2E4DA9E89FA2" otype="Relation" vid_source="EF61495D-EC75-0643-A209-3493D4243AA6" vid_target="F72B3AD5-E94A-FE34-50A8-BE029448B3C3">
<hideElementsInCurrentOnly>false</hideElementsInCurrentOnly>
<backgroundColor>-16777216</backgroundColor>
<lineWidth>1</lineWidth>
<points>
<point x="575" y="448"/>
<point x="575" y="476"/>
<point x="378" y="476"/>
<point x="377" y="594"/>
<point x="299" y="594"/>
</points>
</Connector>
<Connector class="oracle.dbtools.crest.swingui.logical.TVRelation" oid="AD942125-0D4E-A8DC-4004-C0B490FD6F1A" otype="Relation" vid_source="783A13E6-FCF4-F034-F2D0-D28CBD73F37E" vid_target="EF61495D-EC75-0643-A209-3493D4243AA6">
<hideElementsInCurrentOnly>false</hideElementsInCurrentOnly>
<backgroundColor>-16777216</backgroundColor>
<lineWidth>1</lineWidth>
<points>
<point x="249" y="448"/>
<point x="249" y="423"/>
<point x="558" y="423"/>
</points>
</Connector>
<Connector class="oracle.dbtools.crest.swingui.logical.TVInheritanceRelation" oid="E06F9ED6-90AF-F884-B12E-1476A94445FD" otype="Hierarchy relation" vid_source="7D695044-C960-67EA-4BDB-C0AFC5F11AB5" vid_target="CA32C4E2-7C96-5052-8C09-FC0D1FF0C3D8">
<hideElementsInCurrentOnly>false</hideElementsInCurrentOnly>
<backgroundColor>-65536</backgroundColor>
<lineWidth>1</lineWidth>
<points>
<point x="176" y="232"/>
<point x="176" y="175"/>
</points>
</Connector>
</connectors>
<arcs>
<Arc class="oracle.dbtools.crest.swingui.logical.TVArc" oid="93AD5503-C2CF-53C9-446A-D91526DADEFF" otype="Arc" vid="E3FBC3B5-7C8F-5C5F-410F-7F86795C5E9D">
<hideElementsInCurrentOnly>false</hideElementsInCurrentOnly>
<bounds x="48" y="212" width="453" height="220"/>
</Arc>
</arcs>
</Diagram>