<?xml version = '1.0' encoding = 'UTF-8'?>
<Relation class="oracle.dbtools.crest.model.design.logical.Relation" name="COMPRA" directorySegmentName="seg_0" id="599B3500-92B2-851E-E7CD-3DC9005D8E6C">
<createdBy>danie</createdBy>
<createdTime>2026-01-26 01:04:26 UTC</createdTime>
<ownerDesignName>Ejercio_1</ownerDesignName>
<engineerTo>
<item key="CA95AFBF-8A9E-EB72-B19E-18B8A5FBB9D6" value="true"/>
</engineerTo>
<sourceTransferable>false</sourceTransferable>
<targetTransferable>false</targetTransferable>
<sourcePk>172EA1B6-5E99-772D-13B6-D60784A63929</sourcePk>
<identifying>false</identifying>
<optionalSource>false</optionalSource>
<optionalTarget>false</optionalTarget>
<sourceCardinality>1</sourceCardinality>
<sourceEntity>EBDC9EC0-399E-A5CC-C95A-13C6A96BD6AE</sourceEntity>
<targetCardinalityString>*</targetCardinalityString>
<targetEntity>28D53F17-FAFA-A529-E887-392221C33624</targetEntity>
<transferable>true</transferable>
<deleteRule>NO ACTION</deleteRule>
</Relation>