<?xml version = '1.0' encoding = 'UTF-8'?>
<Relation class="oracle.dbtools.crest.model.design.logical.Relation" name="SUC_CONTRATO" directorySegmentName="seg_0" id="66EAD064-1EE2-DF74-ED3C-107B31AE7158">
<createdBy>danie</createdBy>
<createdTime>2026-01-26 01:37:48 UTC</createdTime>
<ownerDesignName>Ejercio_1</ownerDesignName>
<engineerTo>
<item key="CA95AFBF-8A9E-EB72-B19E-18B8A5FBB9D6" value="true"/>
</engineerTo>
<sourceTransferable>false</sourceTransferable>
<targetTransferable>false</targetTransferable>
<sourcePk>BA167B71-6194-26A3-24DF-36806F9383FE</sourcePk>
<identifying>true</identifying>
<optionalSource>false</optionalSource>
<optionalTarget>false</optionalTarget>
<sourceCardinality>1</sourceCardinality>
<sourceEntity>2E141727-29FC-B3BA-31F1-58B44152F4C7</sourceEntity>
<targetCardinalityString>*</targetCardinalityString>
<targetEntity>DB533434-C64D-0DE5-24B5-3FAC9EAB46C4</targetEntity>
<transferable>true</transferable>
<deleteRule>NO ACTION</deleteRule>
</Relation>