<?xml version = '1.0' encoding = 'UTF-8'?>
<Relation class="oracle.dbtools.crest.model.design.logical.Relation" name="CARGO_CONTRATACION" directorySegmentName="seg_0" id="67C38241-35AC-A1FE-D6BB-2DFC449F5067">
<createdBy>danie</createdBy>
<createdTime>2026-01-26 01:49:04 UTC</createdTime>
<ownerDesignName>Ejercio_1</ownerDesignName>
<engineerTo>
<item key="CA95AFBF-8A9E-EB72-B19E-18B8A5FBB9D6" value="true"/>
</engineerTo>
<sourceTransferable>false</sourceTransferable>
<targetTransferable>false</targetTransferable>
<sourcePk>1E326C24-F703-B78F-8372-491CA9D2794E</sourcePk>
<targetPk>D87143A9-F110-AE26-F6F1-E5D6BF6F2D8D</targetPk>
<dominantRole>BE59E1E6-FFF3-5E29-1E16-FFA5020C2449</dominantRole>
<identifying>false</identifying>
<optionalSource>false</optionalSource>
<optionalTarget>true</optionalTarget>
<sourceCardinality>1</sourceCardinality>
<sourceEntity>BE59E1E6-FFF3-5E29-1E16-FFA5020C2449</sourceEntity>
<targetCardinalityString>1</targetCardinalityString>
<targetEntity>DB533434-C64D-0DE5-24B5-3FAC9EAB46C4</targetEntity>
<transferable>true</transferable>
<deleteRule>NO ACTION</deleteRule>
</Relation>