<?xml version = '1.0' encoding = 'UTF-8'?>
<Relation class="oracle.dbtools.crest.model.design.logical.Relation" name="VENTA" directorySegmentName="seg_0" id="8FCBC667-7353-A828-9FBB-E37992593C80">
<createdBy>danie</createdBy>
<createdTime>2026-01-26 01:12:32 UTC</createdTime>
<ownerDesignName>Ejercio_1</ownerDesignName>
<engineerTo>
<item key="CA95AFBF-8A9E-EB72-B19E-18B8A5FBB9D6" value="true"/>
</engineerTo>
<sourceTransferable>false</sourceTransferable>
<targetTransferable>false</targetTransferable>
<sourcePk>837880C3-6B29-2063-94F8-BF8AA1F045BE</sourcePk>
<identifying>false</identifying>
<optionalSource>false</optionalSource>
<optionalTarget>false</optionalTarget>
<sourceCardinality>1</sourceCardinality>
<sourceEntity>A5C8D202-7367-55F6-2BCC-11E64BDC194B</sourceEntity>
<targetCardinalityString>*</targetCardinalityString>
<targetEntity>28D53F17-FAFA-A529-E887-392221C33624</targetEntity>
<transferable>true</transferable>
<deleteRule>NO ACTION</deleteRule>
</Relation>