<?xml version = '1.0' encoding = 'UTF-8'?>
<Relation class="oracle.dbtools.crest.model.design.logical.Relation" name="CONTRATACION" directorySegmentName="seg_0" id="BDE7A01E-864B-A2D0-AE46-8C242260B0E9">
<createdBy>danie</createdBy>
<createdTime>2026-01-26 01:58:24 UTC</createdTime>
<ownerDesignName>Ejercio_1</ownerDesignName>
<engineerTo>
<item key="CA95AFBF-8A9E-EB72-B19E-18B8A5FBB9D6" value="true"/>
</engineerTo>
<sourceTransferable>false</sourceTransferable>
<targetTransferable>false</targetTransferable>
<sourcePk>837880C3-6B29-2063-94F8-BF8AA1F045BE</sourcePk>
<identifying>true</identifying>
<optionalSource>false</optionalSource>
<optionalTarget>false</optionalTarget>
<sourceCardinality>1</sourceCardinality>
<sourceEntity>A5C8D202-7367-55F6-2BCC-11E64BDC194B</sourceEntity>
<targetCardinalityString>*</targetCardinalityString>
<targetEntity>DB533434-C64D-0DE5-24B5-3FAC9EAB46C4</targetEntity>
<transferable>true</transferable>
<deleteRule>NO ACTION</deleteRule>
</Relation>