<?xml version = '1.0' encoding = 'UTF-8'?>
<Relation class="oracle.dbtools.crest.model.design.logical.Relation" name="AGREGAR_PRODUCTOS" directorySegmentName="seg_0" id="D1ED66B4-71A5-C47E-C4D1-2BE5FC9B5477">
<createdBy>danie</createdBy>
<createdTime>2026-01-26 01:05:05 UTC</createdTime>
<ownerDesignName>Ejercio_1</ownerDesignName>
<engineerTo>
<item key="CA95AFBF-8A9E-EB72-B19E-18B8A5FBB9D6" value="true"/>
</engineerTo>
<sourceTransferable>false</sourceTransferable>
<targetTransferable>false</targetTransferable>
<sourcePk>6AAA04D9-6A8A-C6EE-CDFC-81973E9A8966</sourcePk>
<identifying>false</identifying>
<optionalSource>false</optionalSource>
<optionalTarget>false</optionalTarget>
<sourceCardinality>1</sourceCardinality>
<sourceEntity>28D53F17-FAFA-A529-E887-392221C33624</sourceEntity>
<targetCardinalityString>*</targetCardinalityString>
<targetEntity>F294232D-D6B7-1DA7-EA8A-89BA0BE4E898</targetEntity>
<transferable>true</transferable>
<deleteRule>NO ACTION</deleteRule>
<attributes itemClass="oracle.dbtools.crest.model.design.logical.Attribute">
<attribute name="cantidad" id="D828DB9C-540D-9E0B-6AAC-7EFE919D6941">
<createdBy>danie</createdBy>
<createdTime>2026-01-26 01:05:18 UTC</createdTime>
<ownerDesignName>Ejercio_1</ownerDesignName>
<engineerTo>
<item key="CA95AFBF-8A9E-EB72-B19E-18B8A5FBB9D6" value="true"/>
</engineerTo>
<nullsAllowed>true</nullsAllowed>
<useDomainConstraints>false</useDomainConstraints>
<use>1</use>
<logicalDatatype>LOGDT019</logicalDatatype>
<dataTypePrecision>2</dataTypePrecision>
<dataTypeScale>0</dataTypeScale>
<ownDataTypeParameters>,2,0</ownDataTypeParameters>
</attribute>
</attributes>
</Relation>