<?xml version = '1.0' encoding = 'UTF-8'?>
<Diagram class="oracle.dbtools.crest.swingui.relational.DPVRelational" name="Relational_1" id="3A41AD98-6829-4211-1290-10CFDBBEE537">
<createdBy>danie</createdBy>
<modifiedBy>danie</modifiedBy>
<createdTime>2026-02-09 21:11:52 UTC</createdTime>
<autoRoute>false</autoRoute>
<boxInbox>true</boxInbox>
<showLegend>false</showLegend>
<showLabels>false</showLabels>
<showRelAttributes>false</showRelAttributes>
<gridEnabled>false</gridEnabled>
<showGrid>false</showGrid>
<diagramColor>-1</diagramColor>
<display>false</display>
<notation>1</notation>
<objectViews>
<OView class="oracle.dbtools.crest.swingui.relational.TVTable" oid="0491C607-1B84-440D-0425-AB53E0EC4048" otype="Table" vid="1583CAFD-3C84-9A42-A07E-FA4C242362A1">
<hideElementsInCurrentOnly>false</hideElementsInCurrentOnly>
<bounds x="575" y="56" width="280" height="116"/>
</OView>
<OView class="oracle.dbtools.crest.swingui.relational.TVTable" oid="11AB4979-46DE-2076-0FCA-99A9988870DE" otype="Table" vid="7290C04A-39F7-9327-6943-6F10B4F163B9">
<hideElementsInCurrentOnly>false</hideElementsInCurrentOnly>
<bounds x="68" y="232" width="296" height="203"/>
</OView>
<OView class="oracle.dbtools.crest.swingui.relational.TVTable" oid="30E8C5C0-4A63-7936-ADBB-E61E70856E0A" otype="Table" vid="3B32EBEA-E9B6-8836-35C4-D9B3DF5DBAEE">
<hideElementsInCurrentOnly>false</hideElementsInCurrentOnly>
<bounds x="424" y="276" width="250" height="114"/>
</OView>
<OView class="oracle.dbtools.crest.swingui.relational.TVTable" oid="3BC342A8-7BF4-C2E6-A4A0-504786530F5E" otype="Table" vid="5310DF1D-8A0D-FD84-99DE-8DFCCA1B78E5">
<hideElementsInCurrentOnly>false</hideElementsInCurrentOnly>
<bounds x="724" y="620" width="573" height="154"/>
</OView>
<OView class="oracle.dbtools.crest.swingui.relational.TVTable" oid="51E5B5F5-EC90-6EB4-E45C-42C16A2A4722" otype="Table" vid="D910F702-38F5-DF65-2DC3-E96D7F088F3A">
<hideElementsInCurrentOnly>false</hideElementsInCurrentOnly>
<bounds x="417" y="578" width="246" height="149"/>
</OView>
<OView class="oracle.dbtools.crest.swingui.relational.TVTable" oid="5382C78F-4B95-D547-33C7-358FFC486036" otype="Table" vid="F7BA358A-0E77-D5D8-2377-A13C14285BE3">
<hideElementsInCurrentOnly>false</hideElementsInCurrentOnly>
<bounds x="346" y="54" width="203" height="104"/>
</OView>
<OView class="oracle.dbtools.crest.swingui.relational.TVTable" oid="61F56DAD-601D-72FF-0B2D-5ED6038FCD14" otype="Table" vid="1CB13EF7-E4ED-F524-F13E-3B445ED2D3A1">
<hideElementsInCurrentOnly>false</hideElementsInCurrentOnly>
<bounds x="775" y="417" width="470" height="165"/>
</OView>
<OView class="oracle.dbtools.crest.swingui.relational.TVTable" oid="A82CE21B-3804-98B8-9854-AA5FD673E91E" otype="Table" vid="9A1A8754-DD41-AEFF-6C18-C1CB6D7B3B67">
<hideElementsInCurrentOnly>false</hideElementsInCurrentOnly>
<bounds x="886" y="50" width="229" height="73"/>
</OView>
<OView class="oracle.dbtools.crest.swingui.relational.TVTable" oid="B5852574-7C19-407E-515F-B9CA7C612F5E" otype="Table" vid="95197472-8C56-C65B-DC24-444EA2E60F6E">
<hideElementsInCurrentOnly>false</hideElementsInCurrentOnly>
<bounds x="61" y="29" width="247" height="146"/>
</OView>
<OView class="oracle.dbtools.crest.swingui.relational.TVTable" oid="C4494DE0-BF83-2723-7813-21210671E89B" otype="Table" vid="AE297662-3087-CCE3-FAD5-662DC458051E">
<hideElementsInCurrentOnly>false</hideElementsInCurrentOnly>
<bounds x="63" y="570" width="276" height="177"/>
</OView>
<OView class="oracle.dbtools.crest.swingui.relational.TVTable" oid="C8593EEC-0FCB-9A2D-03C8-3ABBA3EBC789" otype="Table" vid="92FC58A7-B4F2-A991-5951-69DA2AAD68D7">
<hideElementsInCurrentOnly>false</hideElementsInCurrentOnly>
<bounds x="73" y="457" width="232" height="90"/>
</OView>
<OView class="oracle.dbtools.crest.swingui.relational.TVTable" oid="DCCA8C95-9164-A811-1D37-CD4DB2FB5DF6" otype="Table" vid="9CC7E4DE-A210-8105-F074-9BBFEFF5A0C4">
<hideElementsInCurrentOnly>false</hideElementsInCurrentOnly>
<bounds x="796" y="203" width="301" height="174"/>
</OView>
</objectViews>
<connectors>
<Connector class="oracle.dbtools.crest.swingui.relational.TVFKRelation" oid="078C7DBB-8265-5CEF-8E55-1A5195B17EAD" otype="FKIndexAssociation" vid_source="7290C04A-39F7-9327-6943-6F10B4F163B9" vid_target="95197472-8C56-C65B-DC24-444EA2E60F6E">
<hideElementsInCurrentOnly>false</hideElementsInCurrentOnly>
<backgroundColor>-16777216</backgroundColor>
<lineWidth>1</lineWidth>
<points>
<point x="188" y="232"/>
<point x="188" y="175"/>
</points>
</Connector>
<Connector class="oracle.dbtools.crest.swingui.relational.TVFKRelation" oid="326DEC41-E5B4-AFF2-76BB-913B10DCE272" otype="FKIndexAssociation" vid_source="1583CAFD-3C84-9A42-A07E-FA4C242362A1" vid_target="D910F702-38F5-DF65-2DC3-E96D7F088F3A">
<hideElementsInCurrentOnly>false</hideElementsInCurrentOnly>
<backgroundColor>-16777216</backgroundColor>
<lineWidth>1</lineWidth>
<points>
<point x="724" y="172"/>
<point x="724" y="195"/>
<point x="725" y="578"/>
<point x="663" y="578"/>
</points>
</Connector>
<Connector class="oracle.dbtools.crest.swingui.relational.TVFKRelation" oid="3D4D5771-A659-106D-9693-CE33B01025A8" otype="FKIndexAssociation" vid_source="3B32EBEA-E9B6-8836-35C4-D9B3DF5DBAEE" vid_target="AE297662-3087-CCE3-FAD5-662DC458051E">
<hideElementsInCurrentOnly>false</hideElementsInCurrentOnly>
<backgroundColor>-16777216</backgroundColor>
<lineWidth>1</lineWidth>
<points>
<point x="575" y="390"/>
<point x="575" y="476"/>
<point x="378" y="476"/>
<point x="377" y="594"/>
<point x="339" y="594"/>
</points>
</Connector>
<Connector class="oracle.dbtools.crest.swingui.relational.TVFKRelation" oid="7A77C10D-09B4-C11B-53ED-6C75AE6D0D35" otype="FKIndexAssociation" vid_source="9CC7E4DE-A210-8105-F074-9BBFEFF5A0C4" vid_target="1CB13EF7-E4ED-F524-F13E-3B445ED2D3A1">
<hideElementsInCurrentOnly>false</hideElementsInCurrentOnly>
<backgroundColor>-16777216</backgroundColor>
<lineWidth>1</lineWidth>
<points>
<point x="1097" y="321"/>
<point x="1176" y="321"/>
<point x="1176" y="417"/>
</points>
</Connector>
<Connector class="oracle.dbtools.crest.swingui.relational.TVFKRelation" oid="96F861C2-A0A6-3464-BE94-BBA013059898" otype="FKIndexAssociation" vid_source="3B32EBEA-E9B6-8836-35C4-D9B3DF5DBAEE" vid_target="7290C04A-39F7-9327-6943-6F10B4F163B9">
<hideElementsInCurrentOnly>false</hideElementsInCurrentOnly>
<backgroundColor>-16777216</backgroundColor>
<lineWidth>1</lineWidth>
<points>
<point x="424" y="333"/>
<point x="364" y="333"/>
</points>
</Connector>
<Connector class="oracle.dbtools.crest.swingui.relational.TVFKRelation" oid="ABA5D96B-A5EB-78E5-94A4-09E9A8153F3F" otype="FKIndexAssociation" vid_source="AE297662-3087-CCE3-FAD5-662DC458051E" vid_target="D910F702-38F5-DF65-2DC3-E96D7F088F3A">
<hideElementsInCurrentOnly>false</hideElementsInCurrentOnly>
<backgroundColor>-16777216</backgroundColor>
<lineWidth>1</lineWidth>
<points>
<point x="339" y="652"/>
<point x="417" y="652"/>
</points>
</Connector>
<Connector class="oracle.dbtools.crest.swingui.relational.TVFKRelation" oid="B56CDBE4-F5A3-F4DB-3770-A0446ECDE834" otype="FKIndexAssociation" vid_source="92FC58A7-B4F2-A991-5951-69DA2AAD68D7" vid_target="3B32EBEA-E9B6-8836-35C4-D9B3DF5DBAEE">
<hideElementsInCurrentOnly>false</hideElementsInCurrentOnly>
<backgroundColor>-16777216</backgroundColor>
<lineWidth>1</lineWidth>
<points>
<point x="305" y="458"/>
<point x="433" y="458"/>
<point x="433" y="390"/>
</points>
</Connector>
<Connector class="oracle.dbtools.crest.swingui.relational.TVFKRelation" oid="BEF77392-CFFC-9D50-6410-C58BAFE445C2" otype="FKIndexAssociation" vid_source="3B32EBEA-E9B6-8836-35C4-D9B3DF5DBAEE" vid_target="1583CAFD-3C84-9A42-A07E-FA4C242362A1">
<hideElementsInCurrentOnly>false</hideElementsInCurrentOnly>
<backgroundColor>-16777216</backgroundColor>
<lineWidth>1</lineWidth>
<points>
<point x="624" y="276"/>
<point x="624" y="172"/>
</points>
</Connector>
<Connector class="oracle.dbtools.crest.swingui.relational.TVFKRelation" oid="EE52C735-47BE-D906-7841-1BD8DD5ABDF5" otype="FKIndexAssociation" vid_source="9A1A8754-DD41-AEFF-6C18-C1CB6D7B3B67" vid_target="9CC7E4DE-A210-8105-F074-9BBFEFF5A0C4">
<hideElementsInCurrentOnly>false</hideElementsInCurrentOnly>
<backgroundColor>-16777216</backgroundColor>
<lineWidth>1</lineWidth>
<points>
<point x="991" y="123"/>
<point x="991" y="203"/>
</points>
</Connector>
<Connector class="oracle.dbtools.crest.swingui.relational.TVFKRelation" oid="F028A44B-E5F7-D598-8D25-7F15B5329461" otype="FKIndexAssociation" vid_source="7290C04A-39F7-9327-6943-6F10B4F163B9" vid_target="F7BA358A-0E77-D5D8-2377-A13C14285BE3">
<hideElementsInCurrentOnly>false</hideElementsInCurrentOnly>
<backgroundColor>-16777216</backgroundColor>
<lineWidth>1</lineWidth>
<points>
<point x="355" y="232"/>
<point x="355" y="158"/>
</points>
</Connector>
<Connector class="oracle.dbtools.crest.swingui.relational.TVFKRelation" oid="F89274A3-57FA-A87E-3173-B81FFA9DA5FC" otype="FKIndexAssociation" vid_source="D910F702-38F5-DF65-2DC3-E96D7F088F3A" vid_target="5310DF1D-8A0D-FD84-99DE-8DFCCA1B78E5">
<hideElementsInCurrentOnly>false</hideElementsInCurrentOnly>
<backgroundColor>-16777216</backgroundColor>
<lineWidth>1</lineWidth>
<points>
<point x="663" y="673"/>
<point x="724" y="673"/>
</points>
</Connector>
<Connector class="oracle.dbtools.crest.swingui.relational.TVFKRelation" oid="F97FA156-BD2A-C71C-6F21-BAF04A938711" otype="FKIndexAssociation" vid_source="1CB13EF7-E4ED-F524-F13E-3B445ED2D3A1" vid_target="5310DF1D-8A0D-FD84-99DE-8DFCCA1B78E5">
<hideElementsInCurrentOnly>false</hideElementsInCurrentOnly>
<backgroundColor>-16777216</backgroundColor>
<lineWidth>1</lineWidth>
<points>
<point x="1245" y="511"/>
<point x="1279" y="511"/>
<point x="1279" y="620"/>
</points>
</Connector>
</connectors>
<arcs>
<Arc class="oracle.dbtools.crest.swingui.relational.TVFKArc" oid="414392ED-004A-E658-5CDB-1071F90700E0" otype="FKArc" vid="DDF4923E-D8EA-455A-FC81-EF262E65B467">
<hideElementsInCurrentOnly>false</hideElementsInCurrentOnly>
<bounds x="28" y="192" width="376" height="283"/>
</Arc>
<Arc class="oracle.dbtools.crest.swingui.relational.TVFKArc" oid="FA40B45D-055F-B7CE-A525-66AA5EB360B8" otype="FKArc" vid="3D3BF8F0-DDB4-37B1-C5E0-5641F181368A">
<hideElementsInCurrentOnly>false</hideElementsInCurrentOnly>
<bounds x="48" y="212" width="336" height="243"/>
</Arc>
</arcs>
</Diagram>