<?xml version = '1.0' encoding = 'UTF-8'?>
<Entity class="oracle.dbtools.crest.model.design.logical.Entity" directorySegmentName="seg_0" id="063B2AFD-C1E5-8206-1EFE-15F9E7CD6D18" name="EMPRESA">
<createdBy>lianl</createdBy>
<createdTime>2026-01-31 20:42:44 UTC</createdTime>
<ownerDesignName>sumativa2_cambios</ownerDesignName>
<engineerTo>
<item key="8F17375C-7890-8D43-0141-7222F5C201AE" value="true"/>
</engineerTo>
<adequatelyNormalized>NO</adequatelyNormalized>
<expectedVolumes>0</expectedVolumes>
<fwdEngineeringStrategyName>Single Table</fwdEngineeringStrategyName>
<growthPercent>0</growthPercent>
<growthType>Year</growthType>
<maxVolumes>9999999</maxVolumes>
<minVolumes>0</minVolumes>
<normalForm>Third</normalForm>
<attributes itemClass="oracle.dbtools.crest.model.design.logical.Attribute">
<Attribute name="id_empresa" id="C7935A1A-6C5A-7BDC-C93F-887D8F6AC956">
<createdBy>lianl</createdBy>
<createdTime>2026-01-31 21:21:50 UTC</createdTime>
<ownerDesignName>sumativa2_cambios</ownerDesignName>
<engineerTo>
<item key="8F17375C-7890-8D43-0141-7222F5C201AE" value="true"/>
</engineerTo>
<useDomainConstraints>false</useDomainConstraints>
<use>1</use>
<logicalDatatype>LOGDT024</logicalDatatype>
<dataTypeSize>5</dataTypeSize>
<ownDataTypeParameters>5,,</ownDataTypeParameters>
</Attribute>
<Attribute name="nombre" id="DA301B2E-9426-D3EF-41FA-9438C547BFF5">
<createdBy>lianl</createdBy>
<createdTime>2026-01-31 21:23:18 UTC</createdTime>
<ownerDesignName>sumativa2_cambios</ownerDesignName>
<engineerTo>
<item key="8F17375C-7890-8D43-0141-7222F5C201AE" value="true"/>
</engineerTo>
<useDomainConstraints>false</useDomainConstraints>
<use>1</use>
<logicalDatatype>LOGDT024</logicalDatatype>
<dataTypeSize>25</dataTypeSize>
<ownDataTypeParameters>25,,</ownDataTypeParameters>
</Attribute>
<Attribute name="remuneracion_maxima" id="9EA7DA35-8C23-2DAE-4D97-EA7CBF1C4449">
<createdBy>lianl</createdBy>
<createdTime>2026-01-31 21:24:52 UTC</createdTime>
<ownerDesignName>sumativa2_cambios</ownerDesignName>
<engineerTo>
<item key="8F17375C-7890-8D43-0141-7222F5C201AE" value="true"/>
</engineerTo>
<useDomainConstraints>false</useDomainConstraints>
<use>1</use>
<logicalDatatype>LOGDT019</logicalDatatype>
<dataTypePrecision>7</dataTypePrecision>
<ownDataTypeParameters>,7,</ownDataTypeParameters>
</Attribute>
<Attribute name="sigla" id="89CF390C-7099-714E-A353-59052DF6B4DA">
<createdBy>lianl</createdBy>
<createdTime>2026-01-31 21:25:31 UTC</createdTime>
<ownerDesignName>sumativa2_cambios</ownerDesignName>
<engineerTo>
<item key="8F17375C-7890-8D43-0141-7222F5C201AE" value="true"/>
</engineerTo>
<useDomainConstraints>false</useDomainConstraints>
<use>1</use>
<logicalDatatype>LOGDT024</logicalDatatype>
<dataTypeSize>25</dataTypeSize>
<ownDataTypeParameters>25,,</ownDataTypeParameters>
</Attribute>
<Attribute name="ciudad" id="81C31BD4-EB6B-ADEF-9967-46307DBF64DF">
<createdBy>lianl</createdBy>
<createdTime>2026-01-31 22:01:13 UTC</createdTime>
<ownerDesignName>sumativa2_cambios</ownerDesignName>
<engineerTo>
<item key="8F17375C-7890-8D43-0141-7222F5C201AE" value="true"/>
</engineerTo>
<useDomainConstraints>false</useDomainConstraints>
<use>1</use>
<logicalDatatype>LOGDT024</logicalDatatype>
<dataTypeSize>20</dataTypeSize>
<ownDataTypeParameters>20,,</ownDataTypeParameters>
</Attribute>
<Attribute name="pais" id="70C5C7E3-737D-620D-3C1C-11B3E3D7F8D7">
<createdBy>lianl</createdBy>
<createdTime>2026-01-31 22:01:29 UTC</createdTime>
<ownerDesignName>sumativa2_cambios</ownerDesignName>
<engineerTo>
<item key="8F17375C-7890-8D43-0141-7222F5C201AE" value="true"/>
</engineerTo>
<nullsAllowed>true</nullsAllowed>
<useDomainConstraints>false</useDomainConstraints>
<use>1</use>
<logicalDatatype>LOGDT024</logicalDatatype>
<dataTypeSize>20</dataTypeSize>
<ownDataTypeParameters>20,,</ownDataTypeParameters>
</Attribute>
</attributes>
<identifiers itemClass="oracle.dbtools.crest.model.design.logical.CandidateKey">
<identifier id="573C78A1-4B5A-4E60-5B02-045BDC599DE4" name="Empresa PK">
<createdBy>lianl</createdBy>
<createdTime>2026-01-31 21:23:15 UTC</createdTime>
<ownerDesignName>sumativa2_cambios</ownerDesignName>
<engineerTo>
<item key="8F17375C-7890-8D43-0141-7222F5C201AE" value="true"/>
</engineerTo>
<pk>true</pk>
<usedAttributes>
<attributeRef>C7935A1A-6C5A-7BDC-C93F-887D8F6AC956</attributeRef>
</usedAttributes>
</identifier>
</identifiers>
</Entity>