<?xml version = '1.0' encoding = 'UTF-8'?>
<Entity class="oracle.dbtools.crest.model.design.logical.Entity" directorySegmentName="seg_0" id="1330B840-5C1A-1788-057B-3CB5EBB83D11" name="POSTULACION_IDIOMA">
<createdBy>lianl</createdBy>
<createdTime>2026-01-31 21:53:29 UTC</createdTime>
<ownerDesignName>sumativa2_cambios</ownerDesignName>
<engineerTo>
<item key="8F17375C-7890-8D43-0141-7222F5C201AE" value="true"/>
</engineerTo>
<adequatelyNormalized>NO</adequatelyNormalized>
<expectedVolumes>0</expectedVolumes>
<fwdEngineeringStrategyName>Single Table</fwdEngineeringStrategyName>
<growthPercent>0</growthPercent>
<growthType>Year</growthType>
<maxVolumes>9999999</maxVolumes>
<minVolumes>0</minVolumes>
<normalForm>Third</normalForm>
<attributes itemClass="oracle.dbtools.crest.model.design.logical.Attribute">
<Attribute name="id_postulacion_idioma" id="462ECFF2-2066-6700-1103-A909A06CC516">
<createdBy>lianl</createdBy>
<createdTime>2026-01-31 21:53:39 UTC</createdTime>
<ownerDesignName>sumativa2_cambios</ownerDesignName>
<engineerTo>
<item key="8F17375C-7890-8D43-0141-7222F5C201AE" value="true"/>
</engineerTo>
<useDomainConstraints>false</useDomainConstraints>
<use>1</use>
<logicalDatatype>LOGDT019</logicalDatatype>
<ownDataTypeParameters>,,</ownDataTypeParameters>
</Attribute>
<Attribute name="nivel_dominio" id="B6528953-DD69-FCB3-BC37-93303759AC1D">
<createdBy>lianl</createdBy>
<createdTime>2026-01-31 21:54:29 UTC</createdTime>
<ownerDesignName>sumativa2_cambios</ownerDesignName>
<engineerTo>
<item key="8F17375C-7890-8D43-0141-7222F5C201AE" value="true"/>
</engineerTo>
<useDomainConstraints>false</useDomainConstraints>
<use>1</use>
<logicalDatatype>LOGDT024</logicalDatatype>
<dataTypeSize>20</dataTypeSize>
<ownDataTypeParameters>20,,</ownDataTypeParameters>
</Attribute>
<Attribute name="id_idioma" id="8D874246-9228-825B-BA33-B2249D34921C">
<createdBy>lianl</createdBy>
<createdTime>2026-01-31 21:55:00 UTC</createdTime>
<generatorID>DBE87E0B-8937-7E99-DD06-4E19E4730366</generatorID>
<ownerDesignName>sumativa2_cambios</ownerDesignName>
<engineerTo>
<item key="8F17375C-7890-8D43-0141-7222F5C201AE" value="true"/>
</engineerTo>
<referedAttribute>BCA6C923-345B-BE2D-9D9F-97295B83B6C2</referedAttribute>
<useDomainConstraints>false</useDomainConstraints>
<use>1</use>
<logicalDatatype>LOGDT019</logicalDatatype>
<dataTypePrecision>5</dataTypePrecision>
<ownDataTypeParameters>,5,</ownDataTypeParameters>
</Attribute>
<Attribute name="id_postulacion" id="2F3582CD-64BC-4AE8-5077-0489EF6294DB">
<createdBy>lianl</createdBy>
<createdTime>2026-01-31 21:55:21 UTC</createdTime>
<generatorID>E4843F86-54D7-7CE0-D4AD-283A69D8124E</generatorID>
<ownerDesignName>sumativa2_cambios</ownerDesignName>
<engineerTo>
<item key="8F17375C-7890-8D43-0141-7222F5C201AE" value="true"/>
</engineerTo>
<referedAttribute>85303190-C1FA-C6D7-7C2F-9FE0D065B4E0</referedAttribute>
<useDomainConstraints>false</useDomainConstraints>
<use>1</use>
<logicalDatatype>LOGDT019</logicalDatatype>
<dataTypePrecision>10</dataTypePrecision>
<ownDataTypeParameters>,10,</ownDataTypeParameters>
</Attribute>
</attributes>
<identifiers itemClass="oracle.dbtools.crest.model.design.logical.CandidateKey">
<identifier id="FDC5F2D0-82B4-299A-160F-936C31E8E488" name="Postulacion_idioma PK">
<createdBy>lianl</createdBy>
<createdTime>2026-01-31 21:53:57 UTC</createdTime>
<ownerDesignName>sumativa2_cambios</ownerDesignName>
<engineerTo>
<item key="8F17375C-7890-8D43-0141-7222F5C201AE" value="true"/>
</engineerTo>
<pk>true</pk>
<usedAttributes>
<attributeRef>462ECFF2-2066-6700-1103-A909A06CC516</attributeRef>
</usedAttributes>
</identifier>
</identifiers>
</Entity>