<?xml version = '1.0' encoding = 'UTF-8'?>
<Entity class="oracle.dbtools.crest.model.design.logical.Entity" directorySegmentName="seg_0" id="411C6D6B-6EB3-59B0-07AF-09E8ABC0860E" name="PROFESION">
<createdBy>lianl</createdBy>
<createdTime>2026-01-31 20:45:06 UTC</createdTime>
<ownerDesignName>sumativa2_cambios</ownerDesignName>
<engineerTo>
<item key="8F17375C-7890-8D43-0141-7222F5C201AE" value="true"/>
</engineerTo>
<adequatelyNormalized>NO</adequatelyNormalized>
<expectedVolumes>0</expectedVolumes>
<fwdEngineeringStrategyName>Single Table</fwdEngineeringStrategyName>
<growthPercent>0</growthPercent>
<growthType>Year</growthType>
<maxVolumes>9999999</maxVolumes>
<minVolumes>0</minVolumes>
<normalForm>Third</normalForm>
<attributes itemClass="oracle.dbtools.crest.model.design.logical.Attribute">
<Attribute name="id_profesion" id="0CA068F7-F8AC-D8A0-6B5A-EC0412C8AA0F">
<createdBy>lianl</createdBy>
<createdTime>2026-01-31 21:43:15 UTC</createdTime>
<ownerDesignName>sumativa2_cambios</ownerDesignName>
<engineerTo>
<item key="8F17375C-7890-8D43-0141-7222F5C201AE" value="true"/>
</engineerTo>
<useDomainConstraints>false</useDomainConstraints>
<use>1</use>
<logicalDatatype>LOGDT019</logicalDatatype>
<dataTypePrecision>5</dataTypePrecision>
<ownDataTypeParameters>,5,</ownDataTypeParameters>
</Attribute>
<Attribute name="nombre_profesion" id="DC023F1E-D0D6-5C5E-7D45-35703A385494">
<createdBy>lianl</createdBy>
<createdTime>2026-01-31 21:43:31 UTC</createdTime>
<ownerDesignName>sumativa2_cambios</ownerDesignName>
<engineerTo>
<item key="8F17375C-7890-8D43-0141-7222F5C201AE" value="true"/>
</engineerTo>
<useDomainConstraints>false</useDomainConstraints>
<use>1</use>
<logicalDatatype>LOGDT024</logicalDatatype>
<dataTypeSize>50</dataTypeSize>
<ownDataTypeParameters>50,,</ownDataTypeParameters>
</Attribute>
<Attribute name="id_postulante" id="192205F8-42E7-5E54-3448-DE8F5006E9CD">
<createdBy>danie</createdBy>
<createdTime>2026-02-03 00:20:43 UTC</createdTime>
<generatorID>340AA25B-E266-701E-EF3D-FF0201F57CFB</generatorID>
<ownerDesignName>sumativa2_cambios</ownerDesignName>
<engineerTo>
<item key="8F17375C-7890-8D43-0141-7222F5C201AE" value="true"/>
</engineerTo>
<referedAttribute>19D7B650-EA8C-5267-7B06-0D7EE32A8346</referedAttribute>
<useDomainConstraints>false</useDomainConstraints>
<use>1</use>
<logicalDatatype>LOGDT019</logicalDatatype>
<dataTypePrecision>10</dataTypePrecision>
<ownDataTypeParameters>,,</ownDataTypeParameters>
</Attribute>
</attributes>
<identifiers itemClass="oracle.dbtools.crest.model.design.logical.CandidateKey">
<identifier id="4FE1537E-3645-042D-D054-D942B86F3754" name="Profesion PK">
<createdBy>lianl</createdBy>
<createdTime>2026-01-31 21:43:29 UTC</createdTime>
<ownerDesignName>sumativa2_cambios</ownerDesignName>
<engineerTo>
<item key="8F17375C-7890-8D43-0141-7222F5C201AE" value="true"/>
</engineerTo>
<pk>true</pk>
<usedAttributes>
<attributeRef>0CA068F7-F8AC-D8A0-6B5A-EC0412C8AA0F</attributeRef>
<attributeRef>192205F8-42E7-5E54-3448-DE8F5006E9CD</attributeRef>
</usedAttributes>
</identifier>
</identifiers>
</Entity>