<?xml version = '1.0' encoding = 'UTF-8'?>
<Entity class="oracle.dbtools.crest.model.design.logical.Entity" directorySegmentName="seg_0" id="AD6A29B3-2724-432E-533B-E6FBB07F5F88" name="POSTULANTE">
<createdBy>lianl</createdBy>
<createdTime>2026-01-31 20:42:19 UTC</createdTime>
<ownerDesignName>sumativa2_cambios</ownerDesignName>
<engineerTo>
<item key="8F17375C-7890-8D43-0141-7222F5C201AE" value="true"/>
</engineerTo>
<adequatelyNormalized>NO</adequatelyNormalized>
<expectedVolumes>0</expectedVolumes>
<fwdEngineeringStrategyName>Single Table</fwdEngineeringStrategyName>
<growthPercent>0</growthPercent>
<growthType>Year</growthType>
<maxVolumes>9999999</maxVolumes>
<minVolumes>0</minVolumes>
<normalForm>Third</normalForm>
<attributes itemClass="oracle.dbtools.crest.model.design.logical.Attribute">
<Attribute name="id_postulante" id="19D7B650-EA8C-5267-7B06-0D7EE32A8346">
<createdBy>lianl</createdBy>
<createdTime>2026-01-31 21:04:41 UTC</createdTime>
<ownerDesignName>sumativa2_cambios</ownerDesignName>
<engineerTo>
<item key="8F17375C-7890-8D43-0141-7222F5C201AE" value="true"/>
</engineerTo>
<useDomainConstraints>false</useDomainConstraints>
<use>1</use>
<logicalDatatype>LOGDT019</logicalDatatype>
<dataTypePrecision>10</dataTypePrecision>
<ownDataTypeParameters>,10,</ownDataTypeParameters>
</Attribute>
<Attribute name="nombres" id="89A9F3FC-077F-6B39-8486-05EB7D75E62A">
<createdBy>lianl</createdBy>
<createdTime>2026-01-31 21:05:33 UTC</createdTime>
<ownerDesignName>sumativa2_cambios</ownerDesignName>
<engineerTo>
<item key="8F17375C-7890-8D43-0141-7222F5C201AE" value="true"/>
</engineerTo>
<useDomainConstraints>false</useDomainConstraints>
<use>1</use>
<logicalDatatype>LOGDT024</logicalDatatype>
<dataTypeSize>50</dataTypeSize>
<ownDataTypeParameters>50,,</ownDataTypeParameters>
</Attribute>
<Attribute name="apellidos" id="ABFA7524-F619-5E06-76CB-6FB69B99F40C">
<createdBy>lianl</createdBy>
<createdTime>2026-01-31 21:05:58 UTC</createdTime>
<ownerDesignName>sumativa2_cambios</ownerDesignName>
<engineerTo>
<item key="8F17375C-7890-8D43-0141-7222F5C201AE" value="true"/>
</engineerTo>
<useDomainConstraints>false</useDomainConstraints>
<use>1</use>
<logicalDatatype>LOGDT024</logicalDatatype>
<dataTypeSize>50</dataTypeSize>
<ownDataTypeParameters>50,,</ownDataTypeParameters>
</Attribute>
<Attribute name="nacionalidad" id="691C0CBD-51F7-7741-C814-15304CAA2F19">
<createdBy>lianl</createdBy>
<createdTime>2026-01-31 21:06:18 UTC</createdTime>
<ownerDesignName>sumativa2_cambios</ownerDesignName>
<engineerTo>
<item key="8F17375C-7890-8D43-0141-7222F5C201AE" value="true"/>
</engineerTo>
<useDomainConstraints>false</useDomainConstraints>
<use>1</use>
<logicalDatatype>LOGDT024</logicalDatatype>
<dataTypeSize>30</dataTypeSize>
<ownDataTypeParameters>30,,</ownDataTypeParameters>
</Attribute>
<Attribute name="nacionalidad_id" id="315D0BEF-4BE3-1D9C-07B1-D21A2C794071">
<createdBy>danie</createdBy>
<createdTime>2026-02-03 00:12:02 UTC</createdTime>
<ownerDesignName>sumativa2_cambios</ownerDesignName>
<engineerTo>
<item key="8F17375C-7890-8D43-0141-7222F5C201AE" value="true"/>
</engineerTo>
<nullsAllowed>true</nullsAllowed>
<useDomainConstraints>false</useDomainConstraints>
<use>1</use>
<logicalDatatype>LOGDT019</logicalDatatype>
<dataTypePrecision>3</dataTypePrecision>
<ownDataTypeParameters>,3,</ownDataTypeParameters>
</Attribute>
<Attribute name="reside_chile" id="D5908194-5611-EA70-E09A-B1B4C6C6D91A">
<createdBy>lianl</createdBy>
<createdTime>2026-01-31 21:06:31 UTC</createdTime>
<notes><![CDATA[S / N]]></notes>
<ownerDesignName>sumativa2_cambios</ownerDesignName>
<engineerTo>
<item key="8F17375C-7890-8D43-0141-7222F5C201AE" value="true"/>
</engineerTo>
<useDomainConstraints>false</useDomainConstraints>
<use>1</use>
<logicalDatatype>LOGDT025</logicalDatatype>
<dataTypeSize>1</dataTypeSize>
<ownDataTypeParameters>1,,</ownDataTypeParameters>
</Attribute>
<Attribute name="rut" id="BEA0B766-6A42-ECBE-4B87-AFD27438976E">
<createdBy>lianl</createdBy>
<createdTime>2026-01-31 21:09:50 UTC</createdTime>
<ownerDesignName>sumativa2_cambios</ownerDesignName>
<engineerTo>
<item key="8F17375C-7890-8D43-0141-7222F5C201AE" value="true"/>
</engineerTo>
<nullsAllowed>true</nullsAllowed>
<useDomainConstraints>false</useDomainConstraints>
<use>1</use>
<logicalDatatype>LOGDT019</logicalDatatype>
<dataTypePrecision>8</dataTypePrecision>
<ownDataTypeParameters>,8,</ownDataTypeParameters>
</Attribute>
<Attribute name="dv_rut" id="DEC43F25-C787-FF74-D756-604E4A99AE20">
<createdBy>lianl</createdBy>
<createdTime>2026-01-31 21:10:14 UTC</createdTime>
<ownerDesignName>sumativa2_cambios</ownerDesignName>
<engineerTo>
<item key="8F17375C-7890-8D43-0141-7222F5C201AE" value="true"/>
</engineerTo>
<nullsAllowed>true</nullsAllowed>
<useDomainConstraints>false</useDomainConstraints>
<use>1</use>
<logicalDatatype>LOGDT025</logicalDatatype>
<dataTypeSize>1</dataTypeSize>
<ownDataTypeParameters>1,,</ownDataTypeParameters>
</Attribute>
<Attribute name="grado_academico" id="E49BAE0B-F0C3-5FCA-9973-6ACBE557CDE1">
<createdBy>lianl</createdBy>
<createdTime>2026-01-31 21:10:40 UTC</createdTime>
<ownerDesignName>sumativa2_cambios</ownerDesignName>
<engineerTo>
<item key="8F17375C-7890-8D43-0141-7222F5C201AE" value="true"/>
</engineerTo>
<useDomainConstraints>false</useDomainConstraints>
<use>1</use>
<logicalDatatype>LOGDT025</logicalDatatype>
<dataTypeSize>1</dataTypeSize>
<ownDataTypeParameters>1,,</ownDataTypeParameters>
</Attribute>
<Attribute name="sitio_web" id="F3A9D2C3-8423-75D2-B725-DAE12A97F7BD">
<createdBy>lianl</createdBy>
<createdTime>2026-01-31 21:11:09 UTC</createdTime>
<ownerDesignName>sumativa2_cambios</ownerDesignName>
<engineerTo>
<item key="8F17375C-7890-8D43-0141-7222F5C201AE" value="true"/>
</engineerTo>
<nullsAllowed>true</nullsAllowed>
<useDomainConstraints>false</useDomainConstraints>
<use>1</use>
<logicalDatatype>LOGDT024</logicalDatatype>
<dataTypeSize>150</dataTypeSize>
<ownDataTypeParameters>150,,</ownDataTypeParameters>
</Attribute>
<Attribute name="fecha_nacimiento" id="4A8FB138-88EC-AE79-E154-9AB4381D5E14">
<createdBy>lianl</createdBy>
<createdTime>2026-01-31 21:15:34 UTC</createdTime>
<ownerDesignName>sumativa2_cambios</ownerDesignName>
<engineerTo>
<item key="8F17375C-7890-8D43-0141-7222F5C201AE" value="true"/>
</engineerTo>
<useDomainConstraints>false</useDomainConstraints>
<use>1</use>
<logicalDatatype>LOGDT007</logicalDatatype>
<ownDataTypeParameters>,,</ownDataTypeParameters>
</Attribute>
<Attribute name="email" id="9F583052-1F68-B540-F885-54178E5A7A48">
<createdBy>lianl</createdBy>
<createdTime>2026-01-31 21:16:02 UTC</createdTime>
<ownerDesignName>sumativa2_cambios</ownerDesignName>
<engineerTo>
<item key="8F17375C-7890-8D43-0141-7222F5C201AE" value="true"/>
</engineerTo>
<useDomainConstraints>false</useDomainConstraints>
<use>1</use>
<logicalDatatype>LOGDT024</logicalDatatype>
<dataTypeSize>150</dataTypeSize>
<ownDataTypeParameters>150,,</ownDataTypeParameters>
</Attribute>
<Attribute name="estado_civil" id="616E433B-2B6E-2289-7271-9D71DBF1E115">
<createdBy>lianl</createdBy>
<createdTime>2026-01-31 21:16:25 UTC</createdTime>
<ownerDesignName>sumativa2_cambios</ownerDesignName>
<engineerTo>
<item key="8F17375C-7890-8D43-0141-7222F5C201AE" value="true"/>
</engineerTo>
<useDomainConstraints>false</useDomainConstraints>
<use>1</use>
<logicalDatatype>LOGDT024</logicalDatatype>
<dataTypeSize>15</dataTypeSize>
<ownDataTypeParameters>15,,</ownDataTypeParameters>
</Attribute>
<Attribute name="estado_civil_id" id="7BB27ABB-5DB9-3372-990E-BBD35FA57D49">
<createdBy>danie</createdBy>
<createdTime>2026-02-03 00:13:23 UTC</createdTime>
<ownerDesignName>sumativa2_cambios</ownerDesignName>
<engineerTo>
<item key="8F17375C-7890-8D43-0141-7222F5C201AE" value="true"/>
</engineerTo>
<nullsAllowed>true</nullsAllowed>
<useDomainConstraints>false</useDomainConstraints>
<use>1</use>
<logicalDatatype>LOGDT019</logicalDatatype>
<dataTypePrecision>2</dataTypePrecision>
<ownDataTypeParameters>,2,</ownDataTypeParameters>
</Attribute>
<Attribute name="id_postulacion" id="D47716D1-F2F0-E04B-B6D2-E2314FD20114">
<createdBy>lianl</createdBy>
<createdTime>2026-01-31 21:47:00 UTC</createdTime>
<generatorID>77925378-9856-10DC-2413-4A69D5517495</generatorID>
<ownerDesignName>sumativa2_cambios</ownerDesignName>
<engineerTo>
<item key="8F17375C-7890-8D43-0141-7222F5C201AE" value="true"/>
</engineerTo>
<referedAttribute>85303190-C1FA-C6D7-7C2F-9FE0D065B4E0</referedAttribute>
<useDomainConstraints>false</useDomainConstraints>
<use>1</use>
<logicalDatatype>LOGDT019</logicalDatatype>
<dataTypePrecision>10</dataTypePrecision>
<ownDataTypeParameters>,10,</ownDataTypeParameters>
</Attribute>
</attributes>
<identifiers itemClass="oracle.dbtools.crest.model.design.logical.CandidateKey">
<identifier id="A82B3292-4183-A5FA-5F75-67FAA0210CA5" name="Postulante PK">
<createdBy>lianl</createdBy>
<createdTime>2026-01-31 21:05:22 UTC</createdTime>
<ownerDesignName>sumativa2_cambios</ownerDesignName>
<engineerTo>
<item key="8F17375C-7890-8D43-0141-7222F5C201AE" value="true"/>
</engineerTo>
<pk>true</pk>
<usedAttributes>
<attributeRef>19D7B650-EA8C-5267-7B06-0D7EE32A8346</attributeRef>
</usedAttributes>
</identifier>
<identifier id="853F321E-9FC4-1984-303D-D5A9DF12B4B6" name="un sitio web">
<createdBy>lianl</createdBy>
<createdTime>2026-01-31 21:36:13 UTC</createdTime>
<ownerDesignName>sumativa2_cambios</ownerDesignName>
<engineerTo>
<item key="8F17375C-7890-8D43-0141-7222F5C201AE" value="true"/>
</engineerTo>
<newElementsIDs>F3A9D2C3-8423-75D2-B725-DAE12A97F7BD</newElementsIDs>
<usedAttributes>
<attributeRef>F3A9D2C3-8423-75D2-B725-DAE12A97F7BD</attributeRef>
</usedAttributes>
</identifier>
<identifier id="6447A9A8-A335-4A39-6E79-5C7FB777F98F" name="un rut">
<createdBy>lianl</createdBy>
<createdTime>2026-01-31 21:37:14 UTC</createdTime>
<ownerDesignName>sumativa2_cambios</ownerDesignName>
<engineerTo>
<item key="8F17375C-7890-8D43-0141-7222F5C201AE" value="true"/>
</engineerTo>
<newElementsIDs>BEA0B766-6A42-ECBE-4B87-AFD27438976E</newElementsIDs>
<usedAttributes>
<attributeRef>BEA0B766-6A42-ECBE-4B87-AFD27438976E</attributeRef>
</usedAttributes>
</identifier>
</identifiers>
</Entity>