<?xml version = '1.0' encoding = 'UTF-8'?>
<Entity class="oracle.dbtools.crest.model.design.logical.Entity" directorySegmentName="seg_0" id="B32D1F22-8204-BA58-AF1B-A6DFBD5B277A" name="DIRECCION">
<createdBy>danie</createdBy>
<createdTime>2026-02-03 00:15:14 UTC</createdTime>
<ownerDesignName>sumativa2_cambios</ownerDesignName>
<engineerTo>
<item key="8F17375C-7890-8D43-0141-7222F5C201AE" value="true"/>
</engineerTo>
<adequatelyNormalized>NO</adequatelyNormalized>
<expectedVolumes>0</expectedVolumes>
<fwdEngineeringStrategyName>Single Table</fwdEngineeringStrategyName>
<growthPercent>0</growthPercent>
<growthType>Year</growthType>
<maxVolumes>9999999</maxVolumes>
<minVolumes>0</minVolumes>
<normalForm>Third</normalForm>
<attributes itemClass="oracle.dbtools.crest.model.design.logical.Attribute">
<Attribute name="calle" id="FECD7D49-4377-37D5-7FA4-D2FBC2C25E62">
<createdBy>danie</createdBy>
<createdTime>2026-02-03 00:15:21 UTC</createdTime>
<ownerDesignName>sumativa2_cambios</ownerDesignName>
<engineerTo>
<item key="8F17375C-7890-8D43-0141-7222F5C201AE" value="true"/>
</engineerTo>
<useDomainConstraints>false</useDomainConstraints>
<use>1</use>
<logicalDatatype>LOGDT024</logicalDatatype>
<dataTypeSize>20</dataTypeSize>
<ownDataTypeParameters>20,,</ownDataTypeParameters>
</Attribute>
<Attribute name="nro" id="EA569822-D690-9349-422B-5DC5DEF12D1C">
<createdBy>danie</createdBy>
<createdTime>2026-02-03 00:15:40 UTC</createdTime>
<ownerDesignName>sumativa2_cambios</ownerDesignName>
<engineerTo>
<item key="8F17375C-7890-8D43-0141-7222F5C201AE" value="true"/>
</engineerTo>
<useDomainConstraints>false</useDomainConstraints>
<use>1</use>
<logicalDatatype>LOGDT019</logicalDatatype>
<dataTypePrecision>5</dataTypePrecision>
<ownDataTypeParameters>,5,</ownDataTypeParameters>
</Attribute>
<Attribute name="departamento" id="6E0AD2ED-F385-BC8C-E790-B1D773F556B2">
<createdBy>danie</createdBy>
<createdTime>2026-02-03 00:16:47 UTC</createdTime>
<ownerDesignName>sumativa2_cambios</ownerDesignName>
<engineerTo>
<item key="8F17375C-7890-8D43-0141-7222F5C201AE" value="true"/>
</engineerTo>
<nullsAllowed>true</nullsAllowed>
<useDomainConstraints>false</useDomainConstraints>
<use>1</use>
<logicalDatatype>LOGDT024</logicalDatatype>
<dataTypeSize>4</dataTypeSize>
<ownDataTypeParameters>4,,</ownDataTypeParameters>
</Attribute>
<Attribute name="estado/region" id="D6175A14-69F9-E3A6-F116-75245BFE2590">
<createdBy>danie</createdBy>
<createdTime>2026-02-03 00:16:01 UTC</createdTime>
<ownerDesignName>sumativa2_cambios</ownerDesignName>
<engineerTo>
<item key="8F17375C-7890-8D43-0141-7222F5C201AE" value="true"/>
</engineerTo>
<useDomainConstraints>false</useDomainConstraints>
<use>1</use>
<logicalDatatype>LOGDT024</logicalDatatype>
<dataTypeSize>15</dataTypeSize>
<ownDataTypeParameters>15,,</ownDataTypeParameters>
</Attribute>
<Attribute name="pais" id="D2A26679-AD13-C0B1-D000-10E04F479563">
<createdBy>danie</createdBy>
<createdTime>2026-02-03 00:16:25 UTC</createdTime>
<ownerDesignName>sumativa2_cambios</ownerDesignName>
<engineerTo>
<item key="8F17375C-7890-8D43-0141-7222F5C201AE" value="true"/>
</engineerTo>
<useDomainConstraints>false</useDomainConstraints>
<use>1</use>
<logicalDatatype>LOGDT024</logicalDatatype>
<dataTypeSize>10</dataTypeSize>
<ownDataTypeParameters>10,,</ownDataTypeParameters>
</Attribute>
<Attribute name="id_empresa" id="B7F2E304-C333-318E-B247-BE29B7B28576">
<createdBy>danie</createdBy>
<createdTime>2026-02-03 00:17:17 UTC</createdTime>
<generatorID>C18E2A1E-54D7-7BD1-4AE1-479AD41EFDEC</generatorID>
<ownerDesignName>sumativa2_cambios</ownerDesignName>
<engineerTo>
<item key="8F17375C-7890-8D43-0141-7222F5C201AE" value="true"/>
</engineerTo>
<referedAttribute>C7935A1A-6C5A-7BDC-C93F-887D8F6AC956</referedAttribute>
<useDomainConstraints>false</useDomainConstraints>
<use>1</use>
<logicalDatatype>LOGDT024</logicalDatatype>
<dataTypeSize>5</dataTypeSize>
<ownDataTypeParameters>,,</ownDataTypeParameters>
</Attribute>
</attributes>
</Entity>