<?xml version = '1.0' encoding = 'UTF-8'?>
<Entity class="oracle.dbtools.crest.model.design.logical.Entity" directorySegmentName="seg_0" id="E757A688-55CD-028A-0503-741E64DC897A" name="POSTULACION">
<createdBy>lianl</createdBy>
<createdTime>2026-01-31 20:42:57 UTC</createdTime>
<ownerDesignName>sumativa2_cambios</ownerDesignName>
<engineerTo>
<item key="8F17375C-7890-8D43-0141-7222F5C201AE" value="true"/>
</engineerTo>
<adequatelyNormalized>NO</adequatelyNormalized>
<expectedVolumes>0</expectedVolumes>
<fwdEngineeringStrategyName>Single Table</fwdEngineeringStrategyName>
<growthPercent>0</growthPercent>
<growthType>Year</growthType>
<maxVolumes>9999999</maxVolumes>
<minVolumes>0</minVolumes>
<normalForm>Third</normalForm>
<attributes itemClass="oracle.dbtools.crest.model.design.logical.Attribute">
<Attribute name="id_postulacion" id="85303190-C1FA-C6D7-7C2F-9FE0D065B4E0">
<createdBy>lianl</createdBy>
<createdTime>2026-01-31 21:28:34 UTC</createdTime>
<ownerDesignName>sumativa2_cambios</ownerDesignName>
<engineerTo>
<item key="8F17375C-7890-8D43-0141-7222F5C201AE" value="true"/>
</engineerTo>
<useDomainConstraints>false</useDomainConstraints>
<use>1</use>
<logicalDatatype>LOGDT019</logicalDatatype>
<dataTypePrecision>10</dataTypePrecision>
<ownDataTypeParameters>,10,</ownDataTypeParameters>
</Attribute>
<Attribute name="fecha_postulacion" id="7D6F1440-F3A8-C8FC-8FD6-E6C5A8CA066F">
<createdBy>lianl</createdBy>
<createdTime>2026-01-31 21:29:03 UTC</createdTime>
<ownerDesignName>sumativa2_cambios</ownerDesignName>
<engineerTo>
<item key="8F17375C-7890-8D43-0141-7222F5C201AE" value="true"/>
</engineerTo>
<useDomainConstraints>false</useDomainConstraints>
<use>1</use>
<logicalDatatype>LOGDT007</logicalDatatype>
<ownDataTypeParameters>,,</ownDataTypeParameters>
</Attribute>
<Attribute name="id_empresa" id="751B034E-0A83-8980-C8EA-5B629C2475DC">
<createdBy>lianl</createdBy>
<createdTime>2026-01-31 21:31:57 UTC</createdTime>
<generatorID>FBE33EAD-C890-F348-78E8-866C0BC6FC14</generatorID>
<ownerDesignName>sumativa2_cambios</ownerDesignName>
<engineerTo>
<item key="8F17375C-7890-8D43-0141-7222F5C201AE" value="true"/>
</engineerTo>
<referedAttribute>C7935A1A-6C5A-7BDC-C93F-887D8F6AC956</referedAttribute>
<useDomainConstraints>false</useDomainConstraints>
<use>1</use>
<logicalDatatype>LOGDT024</logicalDatatype>
<dataTypePrecision>3</dataTypePrecision>
<dataTypeSize>5</dataTypeSize>
<ownDataTypeParameters>,3,</ownDataTypeParameters>
</Attribute>
<Attribute name="id_postulante" id="48386069-F9D7-A7CA-F9E4-FF5D75D19622">
<createdBy>lianl</createdBy>
<createdTime>2026-01-31 21:46:39 UTC</createdTime>
<generatorID>77925378-9856-10DC-2413-4A69D5517495</generatorID>
<ownerDesignName>sumativa2_cambios</ownerDesignName>
<engineerTo>
<item key="8F17375C-7890-8D43-0141-7222F5C201AE" value="true"/>
</engineerTo>
<referedAttribute>19D7B650-EA8C-5267-7B06-0D7EE32A8346</referedAttribute>
<useDomainConstraints>false</useDomainConstraints>
<use>1</use>
<logicalDatatype>LOGDT019</logicalDatatype>
<dataTypePrecision>10</dataTypePrecision>
<ownDataTypeParameters>,10,</ownDataTypeParameters>
</Attribute>
</attributes>
<identifiers itemClass="oracle.dbtools.crest.model.design.logical.CandidateKey">
<identifier id="77B3FBA0-D720-90DA-3093-0AB4F540DF0C" name="Postulacion PK">
<createdBy>lianl</createdBy>
<createdTime>2026-01-31 21:32:09 UTC</createdTime>
<ownerDesignName>sumativa2_cambios</ownerDesignName>
<engineerTo>
<item key="8F17375C-7890-8D43-0141-7222F5C201AE" value="true"/>
</engineerTo>
<pk>true</pk>
<usedAttributes>
<attributeRef>85303190-C1FA-C6D7-7C2F-9FE0D065B4E0</attributeRef>
</usedAttributes>
</identifier>
</identifiers>
</Entity>