<?xml version = '1.0' encoding = 'UTF-8'?>
<Relation class="oracle.dbtools.crest.model.design.logical.Relation" name="Relation_8" directorySegmentName="seg_0" id="3A4E8D8C-6E93-0935-4B3B-E8FB4D46B910">
<createdBy>danie</createdBy>
<createdTime>2026-01-12 23:54:31 UTC</createdTime>
<ownerDesignName>Ejercio_1</ownerDesignName>
<engineerTo>
<item key="CA95AFBF-8A9E-EB72-B19E-18B8A5FBB9D6" value="true"/>
</engineerTo>
<sourcePk>B8CB6C5E-D92A-1C28-45FA-B4135FC163D2</sourcePk>
<targetPk>527333F9-7FE1-EEFE-3EC9-806BCE5339D0</targetPk>
<identifying>false</identifying>
<nameOnSource>vuelo</nameOnSource>
<nameOnTarget>empleados</nameOnTarget>
<optionalSource>false</optionalSource>
<optionalTarget>false</optionalTarget>
<sourceCardinality>*</sourceCardinality>
<sourceEntity>38D15A15-B17B-4A3A-4ECA-8668F1898DCA</sourceEntity>
<targetCardinalityString>1</targetCardinalityString>
<targetEntity>C8B2AFA6-3CBA-5E7E-D635-BA5138ACED65</targetEntity>
<transferable>true</transferable>
<deleteRule>NO ACTION</deleteRule>
</Relation>