<?xml version = '1.0' encoding = 'UTF-8'?>
<Relation class="oracle.dbtools.crest.model.design.logical.Relation" name="Relation_7" directorySegmentName="seg_0" id="A135371E-06A9-6CF1-313C-4E08C086F6CA">
<createdBy>danie</createdBy>
<createdTime>2026-01-12 23:52:04 UTC</createdTime>
<ownerDesignName>Ejercio_1</ownerDesignName>
<engineerTo>
<item key="CA95AFBF-8A9E-EB72-B19E-18B8A5FBB9D6" value="true"/>
</engineerTo>
<sourcePk>48E07F8E-4A45-4CA8-EEA2-53774292142D</sourcePk>
<targetPk>527333F9-7FE1-EEFE-3EC9-806BCE5339D0</targetPk>
<identifying>false</identifying>
<nameOnSource>vuelo</nameOnSource>
<nameOnTarget>pasajero</nameOnTarget>
<optionalSource>false</optionalSource>
<optionalTarget>false</optionalTarget>
<sourceCardinality>*</sourceCardinality>
<sourceEntity>C0285D65-CA43-8320-A791-05033EBFB7A3</sourceEntity>
<targetCardinalityString>1</targetCardinalityString>
<targetEntity>C8B2AFA6-3CBA-5E7E-D635-BA5138ACED65</targetEntity>
<transferable>true</transferable>
<deleteRule>NO ACTION</deleteRule>
</Relation>