<?xml version = '1.0' encoding = 'UTF-8'?>
<Relation class="oracle.dbtools.crest.model.design.logical.Relation" name="Relation_6" directorySegmentName="seg_0" id="A2DBBCAF-0FDC-0B7A-B0D5-81B3E3975F82">
<createdBy>danie</createdBy>
<createdTime>2026-01-12 23:42:59 UTC</createdTime>
<ownerDesignName>Ejercio_1</ownerDesignName>
<engineerTo>
<item key="CA95AFBF-8A9E-EB72-B19E-18B8A5FBB9D6" value="true"/>
</engineerTo>
<sourcePk>A00F5A64-8E4D-174E-20EA-026D68B6A2CF</sourcePk>
<targetPk>48E07F8E-4A45-4CA8-EEA2-53774292142D</targetPk>
<identifying>false</identifying>
<nameOnSource>num_reserva</nameOnSource>
<nameOnTarget>pasajero</nameOnTarget>
<optionalSource>false</optionalSource>
<optionalTarget>false</optionalTarget>
<sourceCardinality>1</sourceCardinality>
<sourceEntity>D022B377-34F3-DD82-5369-A46F4694E964</sourceEntity>
<targetCardinalityString>1</targetCardinalityString>
<targetEntity>C0285D65-CA43-8320-A791-05033EBFB7A3</targetEntity>
<transferable>true</transferable>
<deleteRule>NO ACTION</deleteRule>
</Relation>