<?xml version = '1.0' encoding = 'UTF-8'?>
<Diagram class="oracle.dbtools.crest.swingui.logical.DPVLogical" name="Logical" id="AF5A71AA-4785-1CA1-E896-1B2E4F01469C">
<createdBy>danie</createdBy>
<modifiedBy>danie</modifiedBy>
<createdTime>2026-01-10 12:20:20 UTC</createdTime>
<autoRoute>false</autoRoute>
<boxInbox>true</boxInbox>
<showLegend>false</showLegend>
<showLabels>false</showLabels>
<showRelAttributes>false</showRelAttributes>
<gridEnabled>false</gridEnabled>
<showGrid>false</showGrid>
<diagramColor>-1</diagramColor>
<display>false</display>
<notation>0</notation>
<objectViews>
<OView class="oracle.dbtools.crest.swingui.logical.TVEntity" oid="38D15A15-B17B-4A3A-4ECA-8668F1898DCA" otype="Entity" vid="1BDD53A0-64A5-2C3E-8474-311B42D4ED29">
<hideElementsInCurrentOnly>false</hideElementsInCurrentOnly>
<bounds x="810" y="281" width="238" height="284"/>
</OView>
<OView class="oracle.dbtools.crest.swingui.logical.TVEntity" oid="4C5C2EF5-46F0-BE7D-9A32-EDBCB491694C" otype="Entity" vid="52694B8F-ACCF-DB1E-0B15-74AE4E955CEC">
<hideElementsInCurrentOnly>false</hideElementsInCurrentOnly>
<bounds x="822" y="94" width="205" height="119"/>
</OView>
<OView class="oracle.dbtools.crest.swingui.logical.TVEntity" oid="624589A4-0693-D38A-FA4E-9E162EB66808" otype="Entity" vid="404349C3-A1C7-8E09-D84B-74B8265B891E">
<hideElementsInCurrentOnly>false</hideElementsInCurrentOnly>
<bounds x="199" y="483" width="254" height="146"/>
</OView>
<OView class="oracle.dbtools.crest.swingui.logical.TVEntity" oid="B5EDA207-F43B-95CD-12E7-64EF0F94F990" otype="Entity" vid="D87C1A3F-89F5-C735-BC32-AD99F809C82B">
<hideElementsInCurrentOnly>false</hideElementsInCurrentOnly>
<bounds x="194" y="76" width="226" height="123"/>
</OView>
<OView class="oracle.dbtools.crest.swingui.logical.TVEntity" oid="C0285D65-CA43-8320-A791-05033EBFB7A3" otype="Entity" vid="78FE48BA-2D9E-716E-0E7F-B2AFFB7DFD90">
<hideElementsInCurrentOnly>false</hideElementsInCurrentOnly>
<bounds x="539" y="210" width="186" height="150"/>
</OView>
<OView class="oracle.dbtools.crest.swingui.logical.TVEntity" oid="C8B2AFA6-3CBA-5E7E-D635-BA5138ACED65" otype="Entity" vid="A6BFE62F-D533-8D81-E378-B9437E76882D">
<hideElementsInCurrentOnly>false</hideElementsInCurrentOnly>
<bounds x="193" y="246" width="244" height="192"/>
</OView>
<OView class="oracle.dbtools.crest.swingui.logical.TVEntity" oid="D022B377-34F3-DD82-5369-A46F4694E964" otype="Entity" vid="CD3569F5-C7AE-58BB-22C5-583F491DC4FC">
<hideElementsInCurrentOnly>false</hideElementsInCurrentOnly>
<bounds x="522" y="401" width="228" height="221"/>
</OView>
</objectViews>
<connectors>
<Connector class="oracle.dbtools.crest.swingui.logical.TVRelation" oid="0305D0F5-91FF-D9FF-780F-D513763D016B" otype="Relation" vid_source="1BDD53A0-64A5-2C3E-8474-311B42D4ED29" vid_target="78FE48BA-2D9E-716E-0E7F-B2AFFB7DFD90">
<hideElementsInCurrentOnly>false</hideElementsInCurrentOnly>
<backgroundColor>-16777216</backgroundColor>
<lineWidth>1</lineWidth>
<points>
<point x="810" y="320"/>
<point x="725" y="320"/>
</points>
</Connector>
<Connector class="oracle.dbtools.crest.swingui.logical.TVRelation" oid="1237E141-7123-97D3-9101-4B75418BCBE9" otype="Relation" vid_source="A6BFE62F-D533-8D81-E378-B9437E76882D" vid_target="78FE48BA-2D9E-716E-0E7F-B2AFFB7DFD90">
<hideElementsInCurrentOnly>false</hideElementsInCurrentOnly>
<backgroundColor>-16777216</backgroundColor>
<lineWidth>1</lineWidth>
<points>
<point x="437" y="303"/>
<point x="539" y="303"/>
</points>
</Connector>
<Connector class="oracle.dbtools.crest.swingui.logical.TVRelation" oid="3AB54780-2FD6-FD81-69A6-5A62C4C680E0" otype="Relation" vid_source="52694B8F-ACCF-DB1E-0B15-74AE4E955CEC" vid_target="1BDD53A0-64A5-2C3E-8474-311B42D4ED29">
<hideElementsInCurrentOnly>false</hideElementsInCurrentOnly>
<backgroundColor>-16777216</backgroundColor>
<lineWidth>1</lineWidth>
<points>
<point x="924" y="213"/>
<point x="924" y="281"/>
</points>
</Connector>
<Connector class="oracle.dbtools.crest.swingui.logical.TVRelation" oid="51930A5F-2B9C-44C5-CE4A-F10300B46745" otype="Relation" vid_source="A6BFE62F-D533-8D81-E378-B9437E76882D" vid_target="D87C1A3F-89F5-C735-BC32-AD99F809C82B">
<hideElementsInCurrentOnly>false</hideElementsInCurrentOnly>
<backgroundColor>-16777216</backgroundColor>
<lineWidth>1</lineWidth>
<points>
<point x="307" y="246"/>
<point x="307" y="199"/>
</points>
</Connector>
<Connector class="oracle.dbtools.crest.swingui.logical.TVRelation" oid="99B1871B-59AD-6EDC-F582-A021075FB5F3" otype="Relation" vid_source="CD3569F5-C7AE-58BB-22C5-583F491DC4FC" vid_target="404349C3-A1C7-8E09-D84B-74B8265B891E">
<hideElementsInCurrentOnly>false</hideElementsInCurrentOnly>
<backgroundColor>-16777216</backgroundColor>
<lineWidth>1</lineWidth>
<points>
<point x="522" y="552"/>
<point x="453" y="552"/>
</points>
</Connector>
<Connector class="oracle.dbtools.crest.swingui.logical.TVRelation" oid="AEBB11CB-FE52-0011-4B9A-599E40BDC949" otype="Relation" vid_source="CD3569F5-C7AE-58BB-22C5-583F491DC4FC" vid_target="78FE48BA-2D9E-716E-0E7F-B2AFFB7DFD90">
<hideElementsInCurrentOnly>false</hideElementsInCurrentOnly>
<backgroundColor>-16777216</backgroundColor>
<lineWidth>1</lineWidth>
<points>
<point x="632" y="401"/>
<point x="632" y="360"/>
</points>
</Connector>
</connectors>
</Diagram>