<?xml version = '1.0' encoding = 'UTF-8'?>
<Diagram class="oracle.dbtools.crest.swingui.relational.DPVRelational" name="Relational_1" id="252E0C9A-D321-2CEA-0776-12BCE9B98C45">
<createdBy>lianl</createdBy>
<modifiedBy>lianl</modifiedBy>
<createdTime>2026-01-31 22:04:32 UTC</createdTime>
<autoRoute>false</autoRoute>
<boxInbox>true</boxInbox>
<showLegend>false</showLegend>
<showLabels>false</showLabels>
<showRelAttributes>false</showRelAttributes>
<gridEnabled>false</gridEnabled>
<showGrid>false</showGrid>
<diagramColor>-1</diagramColor>
<display>false</display>
<notation>1</notation>
<objectViews>
<OView class="oracle.dbtools.crest.swingui.relational.TVTable" oid="1B9F388B-B648-268F-5334-E84E6B4793CF" otype="Table" vid="551526E2-9CA2-2D42-246D-28C55387D1C8">
<hideElementsInCurrentOnly>false</hideElementsInCurrentOnly>
<bounds x="1007" y="54" width="193" height="74"/>
</OView>
<OView class="oracle.dbtools.crest.swingui.relational.TVTable" oid="1F76D456-5C18-EC38-9A26-D57BE44045B5" otype="Table" vid="DB8E77AE-2748-F4BB-A6FA-1CD54D10AA45">
<hideElementsInCurrentOnly>false</hideElementsInCurrentOnly>
<bounds x="1059" y="345" width="320" height="108"/>
</OView>
<OView class="oracle.dbtools.crest.swingui.relational.TVTable" oid="20EC8913-65B5-5E75-EF50-2335447B873A" otype="Table" vid="65422295-DCFF-F727-DD1E-581C897BEEE1">
<hideElementsInCurrentOnly>false</hideElementsInCurrentOnly>
<bounds x="532" y="701" width="338" height="136"/>
</OView>
<OView class="oracle.dbtools.crest.swingui.relational.TVTable" oid="49E8DEA7-4ED1-6E00-36FE-54F621E924C4" otype="Table" vid="D95D6E62-8F51-024C-A427-FC2DCB133F65">
<hideElementsInCurrentOnly>false</hideElementsInCurrentOnly>
<bounds x="682" y="198" width="490" height="136"/>
</OView>
<OView class="oracle.dbtools.crest.swingui.relational.TVTable" oid="9139D36F-D88C-C36E-75C2-2FE7B9C734E6" otype="Table" vid="BCE61C4A-021E-0C2C-6DF7-2529C5F05C6D">
<hideElementsInCurrentOnly>false</hideElementsInCurrentOnly>
<bounds x="452" y="388" width="295" height="156"/>
</OView>
<OView class="oracle.dbtools.crest.swingui.relational.TVTable" oid="B43D5346-43D5-7AEF-B86F-623141C21F59" otype="Table" vid="0F4FDD94-1885-BB09-F86D-D3233E1C2D87">
<hideElementsInCurrentOnly>false</hideElementsInCurrentOnly>
<bounds x="1053" y="599" width="307" height="296"/>
</OView>
<OView class="oracle.dbtools.crest.swingui.relational.TVTable" oid="B5C6E245-DB8D-F2C6-9083-269BB37A2E62" otype="Table" vid="7C449F2E-0E3B-CE57-898C-CD2E9E6A3F18">
<hideElementsInCurrentOnly>false</hideElementsInCurrentOnly>
<bounds x="1124" y="500" width="299" height="94"/>
</OView>
<OView class="oracle.dbtools.crest.swingui.relational.TVTable" oid="E024680D-31F3-F716-5842-71B10FB6DC0A" otype="Table" vid="48C0C5D0-3D1F-8CE4-63AC-591057D2A2A3">
<hideElementsInCurrentOnly>false</hideElementsInCurrentOnly>
<bounds x="192" y="372" width="251" height="144"/>
</OView>
<OView class="oracle.dbtools.crest.swingui.relational.TVTable" oid="F44194D6-8A9A-5A2C-2147-CA8DB8AD3C24" otype="Table" vid="29C10ABC-0FCC-CFAB-9761-CD7A18FFC949">
<hideElementsInCurrentOnly>false</hideElementsInCurrentOnly>
<bounds x="214" y="620" width="220" height="74"/>
</OView>
</objectViews>
<connectors>
<Connector class="oracle.dbtools.crest.swingui.relational.TVFKRelation" oid="270D9281-0C92-4E5D-B00D-3E6F7188D494" otype="FKIndexAssociation" vid_source="BCE61C4A-021E-0C2C-6DF7-2529C5F05C6D" vid_target="7C449F2E-0E3B-CE57-898C-CD2E9E6A3F18">
<hideElementsInCurrentOnly>false</hideElementsInCurrentOnly>
<backgroundColor>-16777216</backgroundColor>
<lineWidth>1</lineWidth>
<points>
<point x="747" y="522"/>
<point x="1124" y="522"/>
</points>
</Connector>
<Connector class="oracle.dbtools.crest.swingui.relational.TVFKRelation" oid="2C3037A0-A235-6BCA-ED6A-CD955EA7EBC8" otype="FKIndexAssociation" vid_source="BCE61C4A-021E-0C2C-6DF7-2529C5F05C6D" vid_target="DB8E77AE-2748-F4BB-A6FA-1CD54D10AA45">
<hideElementsInCurrentOnly>false</hideElementsInCurrentOnly>
<backgroundColor>-16777216</backgroundColor>
<lineWidth>1</lineWidth>
<points>
<point x="747" y="420"/>
<point x="1059" y="420"/>
</points>
</Connector>
<Connector class="oracle.dbtools.crest.swingui.relational.TVFKRelation" oid="502A5426-E5A6-0454-9FF4-5747600C0C9C" otype="FKIndexAssociation" vid_source="DB8E77AE-2748-F4BB-A6FA-1CD54D10AA45" vid_target="D95D6E62-8F51-024C-A427-FC2DCB133F65">
<hideElementsInCurrentOnly>false</hideElementsInCurrentOnly>
<backgroundColor>-16777216</backgroundColor>
<lineWidth>1</lineWidth>
<points>
<point x="1115" y="345"/>
<point x="1115" y="334"/>
</points>
</Connector>
<Connector class="oracle.dbtools.crest.swingui.relational.TVFKRelation" oid="6FF5A331-DDF7-9E4C-3CBF-C312AD3CB3B6" otype="FKIndexAssociation" vid_source="0F4FDD94-1885-BB09-F86D-D3233E1C2D87" vid_target="BCE61C4A-021E-0C2C-6DF7-2529C5F05C6D">
<hideElementsInCurrentOnly>false</hideElementsInCurrentOnly>
<backgroundColor>-16777216</backgroundColor>
<lineWidth>1</lineWidth>
<points>
<point x="1053" y="675"/>
<point x="732" y="544"/>
</points>
</Connector>
<Connector class="oracle.dbtools.crest.swingui.relational.TVFKRelation" oid="89440E2F-D046-4C97-E6EA-1342DC56FF41" otype="FKIndexAssociation" vid_source="551526E2-9CA2-2D42-246D-28C55387D1C8" vid_target="D95D6E62-8F51-024C-A427-FC2DCB133F65">
<hideElementsInCurrentOnly>false</hideElementsInCurrentOnly>
<backgroundColor>-16777216</backgroundColor>
<lineWidth>1</lineWidth>
<points>
<point x="1089" y="128"/>
<point x="1089" y="198"/>
</points>
</Connector>
<Connector class="oracle.dbtools.crest.swingui.relational.TVFKRelation" oid="9B624FE0-3B20-13BB-F2DE-4EF6D6BCC323" otype="FKIndexAssociation" vid_source="29C10ABC-0FCC-CFAB-9761-CD7A18FFC949" vid_target="65422295-DCFF-F727-DD1E-581C897BEEE1">
<hideElementsInCurrentOnly>false</hideElementsInCurrentOnly>
<backgroundColor>-16777216</backgroundColor>
<lineWidth>1</lineWidth>
<points>
<point x="434" y="689"/>
<point x="532" y="718"/>
</points>
</Connector>
<Connector class="oracle.dbtools.crest.swingui.relational.TVFKRelation" oid="CDEF722C-8046-BD41-D9AC-2D114A56EDC3" otype="FKIndexAssociation" vid_source="48C0C5D0-3D1F-8CE4-63AC-591057D2A2A3" vid_target="BCE61C4A-021E-0C2C-6DF7-2529C5F05C6D">
<hideElementsInCurrentOnly>false</hideElementsInCurrentOnly>
<backgroundColor>-16777216</backgroundColor>
<lineWidth>1</lineWidth>
<points>
<point x="443" y="452"/>
<point x="452" y="452"/>
</points>
</Connector>
<Connector class="oracle.dbtools.crest.swingui.relational.TVFKRelation" oid="EDC3C38A-F031-A466-C70F-4BD7763E01F6" otype="FKIndexAssociation" vid_source="BCE61C4A-021E-0C2C-6DF7-2529C5F05C6D" vid_target="0F4FDD94-1885-BB09-F86D-D3233E1C2D87">
<hideElementsInCurrentOnly>false</hideElementsInCurrentOnly>
<backgroundColor>-16777216</backgroundColor>
<lineWidth>1</lineWidth>
<points>
<point x="747" y="534"/>
<point x="1053" y="675"/>
</points>
</Connector>
<Connector class="oracle.dbtools.crest.swingui.relational.TVFKRelation" oid="F1218EB0-0290-C42F-A71A-84058F6FC589" otype="FKIndexAssociation" vid_source="0F4FDD94-1885-BB09-F86D-D3233E1C2D87" vid_target="65422295-DCFF-F727-DD1E-581C897BEEE1">
<hideElementsInCurrentOnly>false</hideElementsInCurrentOnly>
<backgroundColor>-16777216</backgroundColor>
<lineWidth>1</lineWidth>
<points>
<point x="1053" y="769"/>
<point x="870" y="769"/>
</points>
</Connector>
</connectors>
<arcs>
<Arc class="oracle.dbtools.crest.swingui.relational.TVFKArc" oid="75D00ECA-B35B-3C3D-AB82-10C8F75F8D2B" otype="FKArc" vid="BB6E9AC0-EFAE-C0A1-D988-5E263349BBE2">
<hideElementsInCurrentOnly>false</hideElementsInCurrentOnly>
<bounds x="432" y="368" width="335" height="196"/>
</Arc>
</arcs>
</Diagram>