<?xml version = '1.0' encoding = 'UTF-8'?>
<Diagram class="oracle.dbtools.crest.swingui.logical.DPVLogical" name="Logical" id="AF5A71AA-4785-1CA1-E896-1B2E4F01469C">
<createdBy>danie</createdBy>
<modifiedBy>danie</modifiedBy>
<createdTime>2026-01-10 12:20:20 UTC</createdTime>
<autoRoute>false</autoRoute>
<boxInbox>false</boxInbox>
<showLegend>false</showLegend>
<showLabels>false</showLabels>
<showRelAttributes>true</showRelAttributes>
<gridEnabled>false</gridEnabled>
<showGrid>false</showGrid>
<diagramColor>-1</diagramColor>
<display>false</display>
<notation>1</notation>
<objectViews>
<OView class="oracle.dbtools.crest.swingui.logical.TVEntity" oid="24199AB0-353F-1C89-9271-DF081315C6B1" otype="Entity" vid="5F8E5619-5AAE-C4A3-8F48-DD651E6A4F1E">
<hideElementsInCurrentOnly>false</hideElementsInCurrentOnly>
<bounds x="57" y="585" width="231" height="47"/>
</OView>
<OView class="oracle.dbtools.crest.swingui.logical.TVEntity" oid="28D53F17-FAFA-A529-E887-392221C33624" otype="Entity" vid="DFBEA898-B10A-3502-68F4-B93DF61BB59D">
<hideElementsInCurrentOnly>false</hideElementsInCurrentOnly>
<bounds x="386" y="250" width="194" height="120"/>
</OView>
<OView class="oracle.dbtools.crest.swingui.logical.TVEntity" oid="2E141727-29FC-B3BA-31F1-58B44152F4C7" otype="Entity" vid="11BF1448-6FCA-36A8-4C1A-B11AB6491568">
<hideElementsInCurrentOnly>false</hideElementsInCurrentOnly>
<bounds x="647" y="502" width="243" height="164"/>
</OView>
<OView class="oracle.dbtools.crest.swingui.logical.TVEntity" oid="85CC0B24-53B3-44D3-CB51-3682420A589C" otype="Entity" vid="0E063508-95F8-C104-9234-076A766D5745">
<hideElementsInCurrentOnly>false</hideElementsInCurrentOnly>
<bounds x="56" y="33" width="238" height="199"/>
</OView>
<OView class="oracle.dbtools.crest.swingui.logical.TVEntity" oid="8BA7BF38-0DCE-A364-D0A9-F4A4B2322D35" otype="Entity" vid="F7260668-95E6-5850-B142-3ADB0DB9DD5C">
<hideElementsInCurrentOnly>false</hideElementsInCurrentOnly>
<bounds x="651" y="27" width="236" height="51"/>
</OView>
<OView class="oracle.dbtools.crest.swingui.logical.TVEntity" oid="A5C8D202-7367-55F6-2BCC-11E64BDC194B" otype="Entity" vid="22A35EF7-E4A5-E8DC-C9E0-E084B28DA84E">
<hideElementsInCurrentOnly>false</hideElementsInCurrentOnly>
<bounds x="381" y="61" width="199" height="89"/>
</OView>
<OView class="oracle.dbtools.crest.swingui.logical.TVEntity" oid="BE59E1E6-FFF3-5E29-1E16-FFA5020C2449" otype="Entity" vid="B0201D9A-6BA3-CA32-7FE3-DF254EBDF9FD">
<hideElementsInCurrentOnly>false</hideElementsInCurrentOnly>
<bounds x="646" y="381" width="242" height="103"/>
</OView>
<OView class="oracle.dbtools.crest.swingui.logical.TVEntity" oid="D07C02A7-7C80-7D45-DDAE-15F670C586F2" otype="Entity" vid="2F4140B8-6DF1-2F79-AAB2-0B41BB6D0F91">
<hideElementsInCurrentOnly>false</hideElementsInCurrentOnly>
<bounds x="649" y="93" width="236" height="69"/>
</OView>
<OView class="oracle.dbtools.crest.swingui.logical.TVEntity" oid="D516F3F4-DFEA-52AF-0379-A27445E42EDE" otype="Entity" vid="B36E59C6-D00D-56B9-6EAA-8E53F793A4B4">
<hideElementsInCurrentOnly>false</hideElementsInCurrentOnly>
<bounds x="58" y="506" width="228" height="49"/>
</OView>
<OView class="oracle.dbtools.crest.swingui.logical.TVEntity" oid="DB533434-C64D-0DE5-24B5-3FAC9EAB46C4" otype="Entity" vid="65EA8FE9-C5C4-2FBE-92EA-12434BE13084">
<hideElementsInCurrentOnly>false</hideElementsInCurrentOnly>
<bounds x="646" y="212" width="244" height="130"/>
</OView>
<OView class="oracle.dbtools.crest.swingui.logical.TVEntity" oid="EBDC9EC0-399E-A5CC-C95A-13C6A96BD6AE" otype="Entity" vid="836BB2F7-65F3-93BF-0354-51815E5DB1C3">
<hideElementsInCurrentOnly>false</hideElementsInCurrentOnly>
<bounds x="55" y="321" width="219" height="139"/>
</OView>
<OView class="oracle.dbtools.crest.swingui.logical.TVEntity" oid="F294232D-D6B7-1DA7-EA8A-89BA0BE4E898" otype="Entity" vid="B0AF0805-785D-0F84-7393-27D9463339A7">
<hideElementsInCurrentOnly>false</hideElementsInCurrentOnly>
<bounds x="362" y="489" width="241" height="153"/>
</OView>
</objectViews>
<connectors>
<Connector class="oracle.dbtools.crest.swingui.logical.TVRelation" oid="599B3500-92B2-851E-E7CD-3DC9005D8E6C" otype="Relation" vid_source="836BB2F7-65F3-93BF-0354-51815E5DB1C3" vid_target="DFBEA898-B10A-3502-68F4-B93DF61BB59D">
<hideElementsInCurrentOnly>false</hideElementsInCurrentOnly>
<backgroundColor>-16777216</backgroundColor>
<lineWidth>1</lineWidth>
<points>
<point x="274" y="345"/>
<point x="386" y="345"/>
</points>
</Connector>
<Connector class="oracle.dbtools.crest.swingui.logical.TVInheritanceRelation" oid="5A9AE65A-95EA-FB04-BD7E-E3B6DEECA231" otype="Hierarchy relation" vid_source="22A35EF7-E4A5-E8DC-C9E0-E084B28DA84E" vid_target="F7260668-95E6-5850-B142-3ADB0DB9DD5C">
<hideElementsInCurrentOnly>false</hideElementsInCurrentOnly>
<backgroundColor>-65536</backgroundColor>
<lineWidth>1</lineWidth>
<points>
<point x="580" y="69"/>
<point x="651" y="69"/>
</points>
</Connector>
<Connector class="oracle.dbtools.crest.swingui.logical.TVRelation" oid="66EAD064-1EE2-DF74-ED3C-107B31AE7158" otype="Relation" vid_source="11BF1448-6FCA-36A8-4C1A-B11AB6491568" vid_target="65EA8FE9-C5C4-2FBE-92EA-12434BE13084">
<hideElementsInCurrentOnly>false</hideElementsInCurrentOnly>
<backgroundColor>-16777216</backgroundColor>
<lineWidth>1</lineWidth>
<points>
<point x="890" y="550"/>
<point x="917" y="550"/>
<point x="917" y="325"/>
<point x="890" y="325"/>
</points>
</Connector>
<Connector class="oracle.dbtools.crest.swingui.logical.TVRelation" oid="67C38241-35AC-A1FE-D6BB-2DFC449F5067" otype="Relation" vid_source="B0201D9A-6BA3-CA32-7FE3-DF254EBDF9FD" vid_target="65EA8FE9-C5C4-2FBE-92EA-12434BE13084">
<hideElementsInCurrentOnly>false</hideElementsInCurrentOnly>
<backgroundColor>-16777216</backgroundColor>
<lineWidth>1</lineWidth>
<points>
<point x="767" y="381"/>
<point x="767" y="342"/>
</points>
</Connector>
<Connector class="oracle.dbtools.crest.swingui.logical.TVInheritanceRelation" oid="80500738-96D5-9756-98CC-D3E6275A4BE9" otype="Hierarchy relation" vid_source="0E063508-95F8-C104-9234-076A766D5745" vid_target="836BB2F7-65F3-93BF-0354-51815E5DB1C3">
<hideElementsInCurrentOnly>false</hideElementsInCurrentOnly>
<backgroundColor>-65536</backgroundColor>
<lineWidth>1</lineWidth>
<points>
<point x="165" y="232"/>
<point x="165" y="321"/>
</points>
</Connector>
<Connector class="oracle.dbtools.crest.swingui.logical.TVRelation" oid="8FCBC667-7353-A828-9FBB-E37992593C80" otype="Relation" vid_source="22A35EF7-E4A5-E8DC-C9E0-E084B28DA84E" vid_target="DFBEA898-B10A-3502-68F4-B93DF61BB59D">
<hideElementsInCurrentOnly>false</hideElementsInCurrentOnly>
<backgroundColor>-16777216</backgroundColor>
<lineWidth>1</lineWidth>
<points>
<point x="483" y="150"/>
<point x="483" y="250"/>
</points>
</Connector>
<Connector class="oracle.dbtools.crest.swingui.logical.TVRelation" oid="BDE7A01E-864B-A2D0-AE46-8C242260B0E9" otype="Relation" vid_source="22A35EF7-E4A5-E8DC-C9E0-E084B28DA84E" vid_target="65EA8FE9-C5C4-2FBE-92EA-12434BE13084">
<hideElementsInCurrentOnly>false</hideElementsInCurrentOnly>
<backgroundColor>-16777216</backgroundColor>
<lineWidth>1</lineWidth>
<points>
<point x="551" y="150"/>
<point x="551" y="222"/>
<point x="646" y="222"/>
</points>
</Connector>
<Connector class="oracle.dbtools.crest.swingui.logical.TVInheritanceRelation" oid="CC47A80D-2224-2C72-B3A9-7D009A39DFC9" otype="Hierarchy relation" vid_source="836BB2F7-65F3-93BF-0354-51815E5DB1C3" vid_target="5F8E5619-5AAE-C4A3-8F48-DD651E6A4F1E">
<hideElementsInCurrentOnly>false</hideElementsInCurrentOnly>
<backgroundColor>-65536</backgroundColor>
<lineWidth>1</lineWidth>
<points>
<point x="274" y="448"/>
<point x="315" y="448"/>
<point x="315" y="592"/>
<point x="288" y="592"/>
</points>
</Connector>
<Connector class="oracle.dbtools.crest.swingui.logical.TVRelation" oid="D1ED66B4-71A5-C47E-C4D1-2BE5FC9B5477" otype="Relation" vid_source="DFBEA898-B10A-3502-68F4-B93DF61BB59D" vid_target="B0AF0805-785D-0F84-7393-27D9463339A7">
<hideElementsInCurrentOnly>false</hideElementsInCurrentOnly>
<backgroundColor>-16777216</backgroundColor>
<lineWidth>1</lineWidth>
<centerLabel class="oracle.dbtools.crest.model.design.Label">
<site>1</site>
<labelBounds x="0" y="19" width="149" height="34"/>
<noBackgroundColor>true</noBackgroundColor>
<noForegroundColor>true</noForegroundColor>
</centerLabel>
<points>
<point x="483" y="370"/>
<point x="483" y="489"/>
</points>
</Connector>
<Connector class="oracle.dbtools.crest.swingui.logical.TVInheritanceRelation" oid="DE1F17DF-9583-A4DD-3AA1-46D61F6CC4AB" otype="Hierarchy relation" vid_source="0E063508-95F8-C104-9234-076A766D5745" vid_target="22A35EF7-E4A5-E8DC-C9E0-E084B28DA84E">
<hideElementsInCurrentOnly>false</hideElementsInCurrentOnly>
<backgroundColor>-65536</backgroundColor>
<lineWidth>1</lineWidth>
<points>
<point x="294" y="105"/>
<point x="381" y="105"/>
</points>
</Connector>
<Connector class="oracle.dbtools.crest.swingui.logical.TVInheritanceRelation" oid="E4DC5BF7-49CA-C978-FFD5-EDD36FC5E879" otype="Hierarchy relation" vid_source="22A35EF7-E4A5-E8DC-C9E0-E084B28DA84E" vid_target="2F4140B8-6DF1-2F79-AAB2-0B41BB6D0F91">
<hideElementsInCurrentOnly>false</hideElementsInCurrentOnly>
<backgroundColor>-65536</backgroundColor>
<lineWidth>1</lineWidth>
<points>
<point x="580" y="121"/>
<point x="649" y="121"/>
</points>
</Connector>
<Connector class="oracle.dbtools.crest.swingui.logical.TVInheritanceRelation" oid="F7BFB343-41FD-06DC-AC6C-AE84CA2EFD1B" otype="Hierarchy relation" vid_source="836BB2F7-65F3-93BF-0354-51815E5DB1C3" vid_target="B36E59C6-D00D-56B9-6EAA-8E53F793A4B4">
<hideElementsInCurrentOnly>false</hideElementsInCurrentOnly>
<backgroundColor>-65536</backgroundColor>
<lineWidth>1</lineWidth>
<points>
<point x="166" y="460"/>
<point x="166" y="506"/>
</points>
</Connector>
</connectors>
<arcs>
<Arc class="oracle.dbtools.crest.swingui.logical.TVArc" oid="01A25B12-BF95-A153-C0CA-75E3A4425F3E" otype="Arc" vid="1FEF59DD-14C5-7F12-0812-3CC3CFC5FEC1">
<hideElementsInCurrentOnly>false</hideElementsInCurrentOnly>
<bounds x="35" y="301" width="259" height="179"/>
</Arc>
<Arc class="oracle.dbtools.crest.swingui.logical.TVArc" oid="C95E36C6-8D6F-3117-8697-544523056D20" otype="Arc" vid="FB6E2889-9407-1F0F-4D4E-F0F5597D119D">
<hideElementsInCurrentOnly>false</hideElementsInCurrentOnly>
<bounds x="361" y="41" width="239" height="129"/>
</Arc>
</arcs>
</Diagram>