<?xml version = '1.0' encoding = 'UTF-8'?>
<Diagram class="oracle.dbtools.crest.swingui.logical.DPVLogicalSubView" name="Logical - SubView_1" id="CC3968EE-62C3-D162-2AC8-A3B0E6878981">
<createdBy>danie</createdBy>
<modifiedBy>danie</modifiedBy>
<createdTime>2026-01-26 01:02:40 UTC</createdTime>
<autoRoute>false</autoRoute>
<boxInbox>true</boxInbox>
<showLegend>false</showLegend>
<showLabels>false</showLabels>
<showRelAttributes>false</showRelAttributes>
<gridEnabled>false</gridEnabled>
<showGrid>false</showGrid>
<diagramColor>-1</diagramColor>
<display>false</display>
<notation>0</notation>
<objectViews>
<OView class="oracle.dbtools.crest.swingui.logical.TVEntity" oid="85CC0B24-53B3-44D3-CB51-3682420A589C" otype="Entity" vid="E4FE8643-6602-0E67-4367-3F3EB3783F5B">
<hideElementsInCurrentOnly>false</hideElementsInCurrentOnly>
<bounds x="136" y="69" width="682" height="300"/>
</OView>
</objectViews>
</Diagram>