<?xml version = '1.0' encoding = 'UTF-8'?>
<Entity class="oracle.dbtools.crest.model.design.logical.Entity" directorySegmentName="seg_0" id="38D15A15-B17B-4A3A-4ECA-8668F1898DCA" name="EMPLEADO">
<createdBy>danie</createdBy>
<createdTime>2026-01-10 16:27:07 UTC</createdTime>
<ownerDesignName>Ejercio_1</ownerDesignName>
<engineerTo>
<item key="CA95AFBF-8A9E-EB72-B19E-18B8A5FBB9D6" value="true"/>
</engineerTo>
<adequatelyNormalized>NO</adequatelyNormalized>
<expectedVolumes>0</expectedVolumes>
<fwdEngineeringStrategyName>Single Table</fwdEngineeringStrategyName>
<growthPercent>0</growthPercent>
<growthType>Year</growthType>
<maxVolumes>9999999</maxVolumes>
<minVolumes>0</minVolumes>
<normalForm>Third</normalForm>
<attributes itemClass="oracle.dbtools.crest.model.design.logical.Attribute">
<Attribute name="rut" id="08D6F7CA-D8D1-1F88-3362-2C1D8F62D9B1">
<createdBy>danie</createdBy>
<createdTime>2026-01-10 16:27:25 UTC</createdTime>
<ownerDesignName>Ejercio_1</ownerDesignName>
<engineerTo>
<item key="CA95AFBF-8A9E-EB72-B19E-18B8A5FBB9D6" value="true"/>
</engineerTo>
<useDomainConstraints>false</useDomainConstraints>
<use>1</use>
<logicalDatatype>LOGDT024</logicalDatatype>
<dataTypeSize>12</dataTypeSize>
<ownDataTypeParameters>12,,</ownDataTypeParameters>
</Attribute>
<Attribute name="nombre_primer" id="72EC91CD-B22A-0C01-BC5D-CFBD26FABFA2">
<createdBy>danie</createdBy>
<createdTime>2026-01-10 16:27:47 UTC</createdTime>
<ownerDesignName>Ejercio_1</ownerDesignName>
<engineerTo>
<item key="CA95AFBF-8A9E-EB72-B19E-18B8A5FBB9D6" value="true"/>
</engineerTo>
<useDomainConstraints>false</useDomainConstraints>
<use>1</use>
<logicalDatatype>LOGDT024</logicalDatatype>
<ownDataTypeParameters>,,</ownDataTypeParameters>
</Attribute>
<Attribute name="nombre_segundo" id="F8AF4796-C008-776F-44A4-E6D864E09341">
<createdBy>danie</createdBy>
<createdTime>2026-01-10 16:28:32 UTC</createdTime>
<ownerDesignName>Ejercio_1</ownerDesignName>
<engineerTo>
<item key="CA95AFBF-8A9E-EB72-B19E-18B8A5FBB9D6" value="true"/>
</engineerTo>
<nullsAllowed>true</nullsAllowed>
<useDomainConstraints>false</useDomainConstraints>
<use>1</use>
<logicalDatatype>LOGDT024</logicalDatatype>
<ownDataTypeParameters>,,</ownDataTypeParameters>
</Attribute>
<Attribute name="apellido_p" id="A36853F2-F528-4E90-4F91-8E38E0095AC0">
<createdBy>danie</createdBy>
<createdTime>2026-01-10 16:29:21 UTC</createdTime>
<ownerDesignName>Ejercio_1</ownerDesignName>
<engineerTo>
<item key="CA95AFBF-8A9E-EB72-B19E-18B8A5FBB9D6" value="true"/>
</engineerTo>
<useDomainConstraints>false</useDomainConstraints>
<use>1</use>
<logicalDatatype>LOGDT024</logicalDatatype>
<ownDataTypeParameters>,,</ownDataTypeParameters>
</Attribute>
<Attribute name="apellido_m" id="C9EE1192-3FCC-C890-A49E-CDBD3BCCF03D">
<createdBy>danie</createdBy>
<createdTime>2026-01-10 16:29:44 UTC</createdTime>
<ownerDesignName>Ejercio_1</ownerDesignName>
<engineerTo>
<item key="CA95AFBF-8A9E-EB72-B19E-18B8A5FBB9D6" value="true"/>
</engineerTo>
<useDomainConstraints>false</useDomainConstraints>
<use>1</use>
<logicalDatatype>LOGDT024</logicalDatatype>
<ownDataTypeParameters>,,</ownDataTypeParameters>
</Attribute>
<Attribute name="calle" id="ACF88989-243E-9B39-FA56-4C24E64A4258">
<createdBy>danie</createdBy>
<createdTime>2026-01-10 16:30:05 UTC</createdTime>
<ownerDesignName>Ejercio_1</ownerDesignName>
<engineerTo>
<item key="CA95AFBF-8A9E-EB72-B19E-18B8A5FBB9D6" value="true"/>
</engineerTo>
<useDomainConstraints>false</useDomainConstraints>
<use>1</use>
<logicalDatatype>LOGDT024</logicalDatatype>
<ownDataTypeParameters>,,</ownDataTypeParameters>
</Attribute>
<Attribute name="numeracion" id="0E3A6276-5070-DC08-2DC9-EAB8FC1FDC3F">
<createdBy>danie</createdBy>
<createdTime>2026-01-10 16:30:32 UTC</createdTime>
<ownerDesignName>Ejercio_1</ownerDesignName>
<engineerTo>
<item key="CA95AFBF-8A9E-EB72-B19E-18B8A5FBB9D6" value="true"/>
</engineerTo>
<useDomainConstraints>false</useDomainConstraints>
<use>1</use>
<logicalDatatype>LOGDT019</logicalDatatype>
<ownDataTypeParameters>,,</ownDataTypeParameters>
</Attribute>
<Attribute name="departamento" id="E70CB655-24A4-D416-C6AB-905DDF8F3DFA">
<createdBy>danie</createdBy>
<createdTime>2026-01-10 16:31:19 UTC</createdTime>
<ownerDesignName>Ejercio_1</ownerDesignName>
<engineerTo>
<item key="CA95AFBF-8A9E-EB72-B19E-18B8A5FBB9D6" value="true"/>
</engineerTo>
<nullsAllowed>true</nullsAllowed>
<useDomainConstraints>false</useDomainConstraints>
<use>1</use>
<logicalDatatype>LOGDT024</logicalDatatype>
<dataTypeSize>4</dataTypeSize>
<ownDataTypeParameters>4,,</ownDataTypeParameters>
</Attribute>
<Attribute name="comuna" id="9B4F4970-0482-EC69-5316-F22FAF6F4F4F">
<createdBy>danie</createdBy>
<createdTime>2026-01-10 16:31:35 UTC</createdTime>
<ownerDesignName>Ejercio_1</ownerDesignName>
<engineerTo>
<item key="CA95AFBF-8A9E-EB72-B19E-18B8A5FBB9D6" value="true"/>
</engineerTo>
<useDomainConstraints>false</useDomainConstraints>
<use>1</use>
<logicalDatatype>LOGDT024</logicalDatatype>
<dataTypeSize>20</dataTypeSize>
<ownDataTypeParameters>20,,</ownDataTypeParameters>
</Attribute>
<Attribute name="region" id="A931EE32-D26E-0623-F088-AB61114642D2">
<createdBy>danie</createdBy>
<createdTime>2026-01-10 16:31:47 UTC</createdTime>
<ownerDesignName>Ejercio_1</ownerDesignName>
<engineerTo>
<item key="CA95AFBF-8A9E-EB72-B19E-18B8A5FBB9D6" value="true"/>
</engineerTo>
<useDomainConstraints>false</useDomainConstraints>
<use>1</use>
<logicalDatatype>LOGDT024</logicalDatatype>
<dataTypeSize>25</dataTypeSize>
<ownDataTypeParameters>25,,</ownDataTypeParameters>
</Attribute>
<Attribute name="sueldo_base" id="7D1899D6-F624-C165-E7BF-DB2A263F9C7F">
<createdBy>danie</createdBy>
<createdTime>2026-01-10 16:32:04 UTC</createdTime>
<ownerDesignName>Ejercio_1</ownerDesignName>
<engineerTo>
<item key="CA95AFBF-8A9E-EB72-B19E-18B8A5FBB9D6" value="true"/>
</engineerTo>
<useDomainConstraints>false</useDomainConstraints>
<use>1</use>
<logicalDatatype>LOGDT019</logicalDatatype>
<dataTypePrecision>7</dataTypePrecision>
<ownDataTypeParameters>,7,</ownDataTypeParameters>
</Attribute>
<Attribute name="fecha_contratacion" id="131FDA51-FD2B-6349-94F4-40CC41367D95">
<createdBy>danie</createdBy>
<createdTime>2026-01-10 16:32:30 UTC</createdTime>
<ownerDesignName>Ejercio_1</ownerDesignName>
<engineerTo>
<item key="CA95AFBF-8A9E-EB72-B19E-18B8A5FBB9D6" value="true"/>
</engineerTo>
<useDomainConstraints>false</useDomainConstraints>
<use>1</use>
<logicalDatatype>LOGDT007</logicalDatatype>
<ownDataTypeParameters>,,</ownDataTypeParameters>
</Attribute>
<Attribute name="genero" id="2A71E842-4708-931C-60FC-D029A0404E4A">
<createdBy>danie</createdBy>
<createdTime>2026-01-10 16:33:00 UTC</createdTime>
<ownerDesignName>Ejercio_1</ownerDesignName>
<engineerTo>
<item key="CA95AFBF-8A9E-EB72-B19E-18B8A5FBB9D6" value="true"/>
</engineerTo>
<nullsAllowed>true</nullsAllowed>
<useDomainConstraints>false</useDomainConstraints>
<use>1</use>
<logicalDatatype>LOGDT024</logicalDatatype>
<dataTypeSize>15</dataTypeSize>
<ownDataTypeParameters>15,,</ownDataTypeParameters>
</Attribute>
<Attribute name="telefono_contacto" id="0B01CC74-145B-498B-D1D3-51AD75C62C3D">
<createdBy>danie</createdBy>
<createdTime>2026-01-10 16:33:46 UTC</createdTime>
<ownerDesignName>Ejercio_1</ownerDesignName>
<engineerTo>
<item key="CA95AFBF-8A9E-EB72-B19E-18B8A5FBB9D6" value="true"/>
</engineerTo>
<useDomainConstraints>false</useDomainConstraints>
<use>1</use>
<logicalDatatype>LOGDT019</logicalDatatype>
<dataTypePrecision>9</dataTypePrecision>
<ownDataTypeParameters>,9,</ownDataTypeParameters>
</Attribute>
<Attribute name="area_departamento" id="DE075254-4269-A7A2-4996-2506861E5CB7">
<createdBy>danie</createdBy>
<createdTime>2026-01-10 17:37:34 UTC</createdTime>
<ownerDesignName>Ejercio_1</ownerDesignName>
<engineerTo>
<item key="CA95AFBF-8A9E-EB72-B19E-18B8A5FBB9D6" value="true"/>
</engineerTo>
<useDomainConstraints>false</useDomainConstraints>
<use>1</use>
<logicalDatatype>LOGDT025</logicalDatatype>
<dataTypeSize>6</dataTypeSize>
<ownDataTypeParameters>6,,</ownDataTypeParameters>
</Attribute>
<Attribute name="num_vuelo" id="70545A5C-1A46-5F7B-F33D-51A8FE0F9832">
<createdBy>danie</createdBy>
<createdTime>2026-01-13 00:06:48 UTC</createdTime>
<generatorID>3A4E8D8C-6E93-0935-4B3B-E8FB4D46B910</generatorID>
<ownerDesignName>Ejercio_1</ownerDesignName>
<engineerTo>
<item key="CA95AFBF-8A9E-EB72-B19E-18B8A5FBB9D6" value="true"/>
</engineerTo>
<referedAttribute>37BAB3DC-9A01-1A98-6172-9D0FAD1298C6</referedAttribute>
<useDomainConstraints>false</useDomainConstraints>
<use>1</use>
<logicalDatatype>LOGDT025</logicalDatatype>
<dataTypeSize>3</dataTypeSize>
<ownDataTypeParameters>,,</ownDataTypeParameters>
</Attribute>
</attributes>
<identifiers itemClass="oracle.dbtools.crest.model.design.logical.CandidateKey">
<identifier id="B8CB6C5E-D92A-1C28-45FA-B4135FC163D2" name="EMPLEADO PK">
<createdBy>danie</createdBy>
<createdTime>2026-01-10 16:28:08 UTC</createdTime>
<ownerDesignName>Ejercio_1</ownerDesignName>
<engineerTo>
<item key="CA95AFBF-8A9E-EB72-B19E-18B8A5FBB9D6" value="true"/>
</engineerTo>
<pk>true</pk>
<usedAttributes>
<attributeRef>08D6F7CA-D8D1-1F88-3362-2C1D8F62D9B1</attributeRef>
</usedAttributes>
</identifier>
</identifiers>
</Entity>