<?xml version = '1.0' encoding = 'UTF-8'?>
<FKArc class="oracle.dbtools.crest.model.design.relational.FKArc" directorySegmentName="seg_0" id="414392ED-004A-E658-5CDB-1071F90700E0" name="Arc_1">
<createdBy>danie</createdBy>
<createdTime>2026-02-09 22:17:11 UTC</createdTime>
<ownerDesignName>sumativa 2</ownerDesignName>
<mandatory>false</mandatory>
<reverseArc>true</reverseArc>
<table>11AB4979-46DE-2076-0FCA-99A9988870DE</table>
<fkeys>
<fkeyID>078C7DBB-8265-5CEF-8E55-1A5195B17EAD</fkeyID>
<fkeyID>F028A44B-E5F7-D598-8D25-7F15B5329461</fkeyID>
</fkeys>
</FKArc>