<?xml version = '1.0' encoding = 'UTF-8'?>
<Entity class="oracle.dbtools.crest.model.design.logical.Entity" directorySegmentName="seg_0" id="0898B4C5-004F-FA69-B37C-86F3BF473598" name="MODELO">
<createdBy>danie</createdBy>
<createdTime>2026-02-09 21:05:19 UTC</createdTime>
<ownerDesignName>sumativa 2</ownerDesignName>
<engineerTo>
<item key="CE26A199-108A-2113-4A62-87C64670D0C4" value="true"/>
</engineerTo>
<adequatelyNormalized>NO</adequatelyNormalized>
<expectedVolumes>0</expectedVolumes>
<fwdEngineeringStrategyName>Single Table</fwdEngineeringStrategyName>
<growthPercent>0</growthPercent>
<growthType>Year</growthType>
<maxVolumes>9999999</maxVolumes>
<minVolumes>0</minVolumes>
<normalForm>Third</normalForm>
<attributes itemClass="oracle.dbtools.crest.model.design.logical.Attribute">
<Attribute name="id_modelo" id="18543730-5A8B-FFEE-1F24-9A6BB5823E68">
<createdBy>danie</createdBy>
<createdTime>2026-02-09 21:05:35 UTC</createdTime>
<commentInRDBMS><![CDATA[Identificado por el SKU]]></commentInRDBMS>
<ownerDesignName>sumativa 2</ownerDesignName>
<engineerTo>
<item key="CE26A199-108A-2113-4A62-87C64670D0C4" value="true"/>
</engineerTo>
<useDomainConstraints>false</useDomainConstraints>
<use>1</use>
<logicalDatatype>LOGDT019</logicalDatatype>
<dataTypePrecision>9</dataTypePrecision>
<ownDataTypeParameters>,9,</ownDataTypeParameters>
</Attribute>
<Attribute name="nombre_marca" id="6DBBA275-C0E9-35E3-056C-A5A4ADE41AC7">
<createdBy>danie</createdBy>
<createdTime>2026-02-09 22:03:18 UTC</createdTime>
<generatorID>22DF369C-D5AE-B653-EADA-94E52938C38D</generatorID>
<ownerDesignName>sumativa 2</ownerDesignName>
<engineerTo>
<item key="CE26A199-108A-2113-4A62-87C64670D0C4" value="true"/>
</engineerTo>
<referedAttribute>CA8BD23F-25A0-ABAF-B414-947CC4F1BAE1</referedAttribute>
<useDomainConstraints>false</useDomainConstraints>
<use>1</use>
<logicalDatatype>LOGDT024</logicalDatatype>
<dataTypeSize>15</dataTypeSize>
<ownDataTypeParameters>,,</ownDataTypeParameters>
</Attribute>
<Attribute name="descripcion_modelo" id="70D69B7A-5CBB-261D-7AC9-D8C96F4065B8">
<createdBy>danie</createdBy>
<createdTime>2026-02-09 21:06:20 UTC</createdTime>
<ownerDesignName>sumativa 2</ownerDesignName>
<engineerTo>
<item key="CE26A199-108A-2113-4A62-87C64670D0C4" value="true"/>
</engineerTo>
<useDomainConstraints>false</useDomainConstraints>
<use>1</use>
<logicalDatatype>LOGDT024</logicalDatatype>
<dataTypeSize>50</dataTypeSize>
<ownDataTypeParameters>50,,</ownDataTypeParameters>
</Attribute>
<Attribute name="nro_boleta" id="73940682-1CC7-2545-F1C6-74034289D093">
<createdBy>danie</createdBy>
<createdTime>2026-02-09 21:06:54 UTC</createdTime>
<generatorID>26A9B737-B7E5-BC3F-31A0-8CD0B2A451B1</generatorID>
<ownerDesignName>sumativa 2</ownerDesignName>
<engineerTo>
<item key="CE26A199-108A-2113-4A62-87C64670D0C4" value="true"/>
</engineerTo>
<referedAttribute>5F967B81-567B-F229-1958-0555983A0A27</referedAttribute>
<useDomainConstraints>false</useDomainConstraints>
<use>1</use>
<logicalDatatype>LOGDT019</logicalDatatype>
<dataTypePrecision>5</dataTypePrecision>
<ownDataTypeParameters>,5,</ownDataTypeParameters>
</Attribute>
<Attribute name="sigla" id="610804A1-FF02-FE8A-F25D-B2017B953B57">
<createdBy>danie</createdBy>
<createdTime>2026-02-09 21:06:54 UTC</createdTime>
<generatorID>26A9B737-B7E5-BC3F-31A0-8CD0B2A451B1</generatorID>
<ownerDesignName>sumativa 2</ownerDesignName>
<engineerTo>
<item key="CE26A199-108A-2113-4A62-87C64670D0C4" value="true"/>
</engineerTo>
<referedAttribute>63A56F36-D242-6C12-4FC4-64E072D3A776</referedAttribute>
<useDomainConstraints>false</useDomainConstraints>
<use>1</use>
<logicalDatatype>LOGDT025</logicalDatatype>
<dataTypeSize>4</dataTypeSize>
<ownDataTypeParameters>4,,</ownDataTypeParameters>
</Attribute>
<Attribute name="id_producto" id="564CA2FC-A580-A3B1-B905-F01284F47D70">
<createdBy>danie</createdBy>
<createdTime>2026-02-09 22:03:18 UTC</createdTime>
<generatorID>22DF369C-D5AE-B653-EADA-94E52938C38D</generatorID>
<ownerDesignName>sumativa 2</ownerDesignName>
<engineerTo>
<item key="CE26A199-108A-2113-4A62-87C64670D0C4" value="true"/>
</engineerTo>
<referedAttribute>5C62D9EB-D6C5-8A7C-EC68-013408B8F6ED</referedAttribute>
<useDomainConstraints>false</useDomainConstraints>
<use>1</use>
<logicalDatatype>LOGDT019</logicalDatatype>
<dataTypePrecision>9</dataTypePrecision>
<ownDataTypeParameters>,,</ownDataTypeParameters>
</Attribute>
</attributes>
<identifiers itemClass="oracle.dbtools.crest.model.design.logical.CandidateKey">
<identifier id="A5AD5846-5483-1C53-2B45-4E363CD91DC8" name="MODELO PK">
<createdBy>danie</createdBy>
<createdTime>2026-02-09 21:06:38 UTC</createdTime>
<ownerDesignName>sumativa 2</ownerDesignName>
<engineerTo>
<item key="CE26A199-108A-2113-4A62-87C64670D0C4" value="true"/>
</engineerTo>
<pk>true</pk>
<usedAttributes>
<attributeRef>18543730-5A8B-FFEE-1F24-9A6BB5823E68</attributeRef>
<attributeRef>6DBBA275-C0E9-35E3-056C-A5A4ADE41AC7</attributeRef>
</usedAttributes>
</identifier>
</identifiers>
</Entity>