<?xml version = '1.0' encoding = 'UTF-8'?>
<Entity class="oracle.dbtools.crest.model.design.logical.Entity" directorySegmentName="seg_0" id="23ADCEB3-A002-D3B3-3080-45CDDF3FB7A4" name="EMPRESA">
<createdBy>danie</createdBy>
<createdTime>2026-02-09 20:41:10 UTC</createdTime>
<ownerDesignName>sumativa 2</ownerDesignName>
<engineerTo>
<item key="CE26A199-108A-2113-4A62-87C64670D0C4" value="true"/>
</engineerTo>
<adequatelyNormalized>NO</adequatelyNormalized>
<expectedVolumes>0</expectedVolumes>
<fwdEngineeringStrategyName>Single Table</fwdEngineeringStrategyName>
<growthPercent>0</growthPercent>
<growthType>Year</growthType>
<hierarchicalParent>C7C2D68D-7296-D89A-775D-AC23662F043B</hierarchicalParent>
<maxVolumes>9999999</maxVolumes>
<minVolumes>0</minVolumes>
<normalForm>Third</normalForm>
<attributes itemClass="oracle.dbtools.crest.model.design.logical.Attribute">
<Attribute name="nombre" id="53F50918-1BF3-7157-2DC2-894ECC71AA09">
<createdBy>danie</createdBy>
<createdTime>2026-02-09 20:41:22 UTC</createdTime>
<ownerDesignName>sumativa 2</ownerDesignName>
<engineerTo>
<item key="CE26A199-108A-2113-4A62-87C64670D0C4" value="true"/>
</engineerTo>
<useDomainConstraints>false</useDomainConstraints>
<use>1</use>
<logicalDatatype>LOGDT024</logicalDatatype>
<dataTypeSize>20</dataTypeSize>
<ownDataTypeParameters>20,,</ownDataTypeParameters>
</Attribute>
</attributes>
</Entity>