<?xml version = '1.0' encoding = 'UTF-8'?>
<Entity class="oracle.dbtools.crest.model.design.logical.Entity" directorySegmentName="seg_0" id="58DC7C93-16DA-7476-888A-CC5AF131DC62" name="PRODUCTO">
<createdBy>danie</createdBy>
<createdTime>2026-02-09 20:23:43 UTC</createdTime>
<ownerDesignName>sumativa 2</ownerDesignName>
<engineerTo>
<item key="CE26A199-108A-2113-4A62-87C64670D0C4" value="true"/>
</engineerTo>
<adequatelyNormalized>NO</adequatelyNormalized>
<expectedVolumes>0</expectedVolumes>
<fwdEngineeringStrategyName>Single Table</fwdEngineeringStrategyName>
<growthPercent>0</growthPercent>
<growthType>Year</growthType>
<maxVolumes>9999999</maxVolumes>
<minVolumes>0</minVolumes>
<normalForm>Third</normalForm>
<attributes itemClass="oracle.dbtools.crest.model.design.logical.Attribute">
<Attribute name="id_producto" id="5C62D9EB-D6C5-8A7C-EC68-013408B8F6ED">
<createdBy>danie</createdBy>
<createdTime>2026-02-09 20:23:50 UTC</createdTime>
<commentInRDBMS><![CDATA[identificados por codigo SKU]]></commentInRDBMS>
<ownerDesignName>sumativa 2</ownerDesignName>
<engineerTo>
<item key="CE26A199-108A-2113-4A62-87C64670D0C4" value="true"/>
</engineerTo>
<useDomainConstraints>false</useDomainConstraints>
<use>1</use>
<logicalDatatype>LOGDT019</logicalDatatype>
<dataTypePrecision>9</dataTypePrecision>
<ownDataTypeParameters>,9,</ownDataTypeParameters>
</Attribute>
<Attribute name="nombre_producto" id="52EE61A3-ABDE-31D1-0E5B-E75774610BE0">
<createdBy>danie</createdBy>
<createdTime>2026-02-09 20:24:14 UTC</createdTime>
<ownerDesignName>sumativa 2</ownerDesignName>
<engineerTo>
<item key="CE26A199-108A-2113-4A62-87C64670D0C4" value="true"/>
</engineerTo>
<useDomainConstraints>false</useDomainConstraints>
<use>1</use>
<logicalDatatype>LOGDT024</logicalDatatype>
<dataTypeSize>20</dataTypeSize>
<ownDataTypeParameters>20,,</ownDataTypeParameters>
</Attribute>
<Attribute name="descripcion" id="4FB855EB-B304-50DF-0304-6587A51F2AB4">
<createdBy>danie</createdBy>
<createdTime>2026-02-09 20:24:30 UTC</createdTime>
<ownerDesignName>sumativa 2</ownerDesignName>
<engineerTo>
<item key="CE26A199-108A-2113-4A62-87C64670D0C4" value="true"/>
</engineerTo>
<useDomainConstraints>false</useDomainConstraints>
<use>1</use>
<logicalDatatype>LOGDT024</logicalDatatype>
<dataTypeSize>200</dataTypeSize>
<ownDataTypeParameters>200,,</ownDataTypeParameters>
</Attribute>
<Attribute name="fecha_vencimiento" id="7A14BCA2-625C-C188-EF2C-2CA850677677">
<createdBy>danie</createdBy>
<createdTime>2026-02-09 20:24:49 UTC</createdTime>
<ownerDesignName>sumativa 2</ownerDesignName>
<engineerTo>
<item key="CE26A199-108A-2113-4A62-87C64670D0C4" value="true"/>
</engineerTo>
<nullsAllowed>true</nullsAllowed>
<useDomainConstraints>false</useDomainConstraints>
<use>1</use>
<logicalDatatype>LOGDT007</logicalDatatype>
<ownDataTypeParameters>,,</ownDataTypeParameters>
</Attribute>
<Attribute name="categoria_producto" id="49B75C81-7D10-86DE-680F-A144FB51E8AE">
<createdBy>danie</createdBy>
<createdTime>2026-02-09 20:26:05 UTC</createdTime>
<ownerDesignName>sumativa 2</ownerDesignName>
<engineerTo>
<item key="CE26A199-108A-2113-4A62-87C64670D0C4" value="true"/>
</engineerTo>
<nullsAllowed>true</nullsAllowed>
<useDomainConstraints>false</useDomainConstraints>
<use>1</use>
<logicalDatatype>LOGDT019</logicalDatatype>
<dataTypePrecision>3</dataTypePrecision>
<ownDataTypeParameters>,3,</ownDataTypeParameters>
</Attribute>
<Attribute name="precio_unitario" id="E9879A1A-26C7-B7A3-8891-DF55E4070732">
<createdBy>danie</createdBy>
<createdTime>2026-02-09 20:26:47 UTC</createdTime>
<ownerDesignName>sumativa 2</ownerDesignName>
<engineerTo>
<item key="CE26A199-108A-2113-4A62-87C64670D0C4" value="true"/>
</engineerTo>
<useDomainConstraints>false</useDomainConstraints>
<use>1</use>
<logicalDatatype>LOGDT019</logicalDatatype>
<dataTypePrecision>7</dataTypePrecision>
<ownDataTypeParameters>,7,</ownDataTypeParameters>
</Attribute>
<Attribute name="nombre_marca" id="CA8BD23F-25A0-ABAF-B414-947CC4F1BAE1">
<createdBy>danie</createdBy>
<createdTime>2026-02-09 21:04:15 UTC</createdTime>
<generatorID>61D9F634-8660-9B23-479D-2441D24CC711</generatorID>
<ownerDesignName>sumativa 2</ownerDesignName>
<engineerTo>
<item key="CE26A199-108A-2113-4A62-87C64670D0C4" value="true"/>
</engineerTo>
<referedAttribute>7B1EBF9D-3E75-6BD0-B762-CD96251730EE</referedAttribute>
<useDomainConstraints>false</useDomainConstraints>
<use>1</use>
<logicalDatatype>LOGDT024</logicalDatatype>
<dataTypeSize>15</dataTypeSize>
<ownDataTypeParameters>15,,</ownDataTypeParameters>
</Attribute>
</attributes>
<identifiers itemClass="oracle.dbtools.crest.model.design.logical.CandidateKey">
<identifier id="50D3D7BE-9034-081B-E1A1-DAD0219EB4AF" name="PRODUCTO PK">
<createdBy>danie</createdBy>
<createdTime>2026-02-09 20:24:12 UTC</createdTime>
<ownerDesignName>sumativa 2</ownerDesignName>
<engineerTo>
<item key="CE26A199-108A-2113-4A62-87C64670D0C4" value="true"/>
</engineerTo>
<pk>true</pk>
<usedAttributes>
<attributeRef>5C62D9EB-D6C5-8A7C-EC68-013408B8F6ED</attributeRef>
<attributeRef>CA8BD23F-25A0-ABAF-B414-947CC4F1BAE1</attributeRef>
</usedAttributes>
</identifier>
</identifiers>
</Entity>