<?xml version = '1.0' encoding = 'UTF-8'?>
<Entity class="oracle.dbtools.crest.model.design.logical.Entity" directorySegmentName="seg_0" id="78F53993-E065-F855-CB87-6FB03E5BD71A" name="COMUNA">
<createdBy>danie</createdBy>
<createdTime>2026-02-09 20:22:20 UTC</createdTime>
<ownerDesignName>sumativa 2</ownerDesignName>
<engineerTo>
<item key="CE26A199-108A-2113-4A62-87C64670D0C4" value="true"/>
</engineerTo>
<adequatelyNormalized>NO</adequatelyNormalized>
<expectedVolumes>0</expectedVolumes>
<fwdEngineeringStrategyName>Single Table</fwdEngineeringStrategyName>
<growthPercent>0</growthPercent>
<growthType>Year</growthType>
<maxVolumes>9999999</maxVolumes>
<minVolumes>0</minVolumes>
<normalForm>Third</normalForm>
<attributes itemClass="oracle.dbtools.crest.model.design.logical.Attribute">
<Attribute name="cod_comuna" id="D4FEB3F0-33B0-5F5A-988C-4464618A9A16">
<createdBy>danie</createdBy>
<createdTime>2026-02-09 20:22:25 UTC</createdTime>
<ownerDesignName>sumativa 2</ownerDesignName>
<engineerTo>
<item key="CE26A199-108A-2113-4A62-87C64670D0C4" value="true"/>
</engineerTo>
<useDomainConstraints>false</useDomainConstraints>
<use>1</use>
<logicalDatatype>LOGDT019</logicalDatatype>
<dataTypePrecision>3</dataTypePrecision>
<ownDataTypeParameters>,3,</ownDataTypeParameters>
</Attribute>
<Attribute name="nombre" id="77B992F8-F4E2-F0DB-D82C-34CBA78BEC94">
<createdBy>danie</createdBy>
<createdTime>2026-02-09 20:22:56 UTC</createdTime>
<ownerDesignName>sumativa 2</ownerDesignName>
<engineerTo>
<item key="CE26A199-108A-2113-4A62-87C64670D0C4" value="true"/>
</engineerTo>
<useDomainConstraints>false</useDomainConstraints>
<use>1</use>
<logicalDatatype>LOGDT024</logicalDatatype>
<dataTypeSize>20</dataTypeSize>
<ownDataTypeParameters>20,,</ownDataTypeParameters>
</Attribute>
<Attribute name="id_region" id="18F435E3-A55C-6659-4563-0F0DCCDA3C82">
<createdBy>danie</createdBy>
<createdTime>2026-02-09 21:32:18 UTC</createdTime>
<generatorID>AD942125-0D4E-A8DC-4004-C0B490FD6F1A</generatorID>
<ownerDesignName>sumativa 2</ownerDesignName>
<engineerTo>
<item key="CE26A199-108A-2113-4A62-87C64670D0C4" value="true"/>
</engineerTo>
<referedAttribute>56915AC4-3861-2B8A-C111-EB000D7F8152</referedAttribute>
<useDomainConstraints>false</useDomainConstraints>
<use>1</use>
<logicalDatatype>LOGDT019</logicalDatatype>
<dataTypePrecision>2</dataTypePrecision>
<ownDataTypeParameters>,2,</ownDataTypeParameters>
</Attribute>
</attributes>
<identifiers itemClass="oracle.dbtools.crest.model.design.logical.CandidateKey">
<identifier id="79B20ECA-476C-D15D-5541-DAE9B32BE24F" name="COMUNA PK">
<createdBy>danie</createdBy>
<createdTime>2026-02-09 20:22:53 UTC</createdTime>
<ownerDesignName>sumativa 2</ownerDesignName>
<engineerTo>
<item key="CE26A199-108A-2113-4A62-87C64670D0C4" value="true"/>
</engineerTo>
<pk>true</pk>
<usedAttributes>
<attributeRef>D4FEB3F0-33B0-5F5A-988C-4464618A9A16</attributeRef>
</usedAttributes>
</identifier>
</identifiers>
</Entity>