<?xml version = '1.0' encoding = 'UTF-8'?>
<Entity class="oracle.dbtools.crest.model.design.logical.Entity" directorySegmentName="seg_0" id="945CAB01-6D94-37E6-18A6-80BED04C6601" name="BOLETA">
<createdBy>danie</createdBy>
<createdTime>2026-02-09 20:54:34 UTC</createdTime>
<ownerDesignName>sumativa 2</ownerDesignName>
<engineerTo>
<item key="CE26A199-108A-2113-4A62-87C64670D0C4" value="true"/>
</engineerTo>
<adequatelyNormalized>NO</adequatelyNormalized>
<expectedVolumes>0</expectedVolumes>
<fwdEngineeringStrategyName>Single Table</fwdEngineeringStrategyName>
<growthPercent>0</growthPercent>
<growthType>Year</growthType>
<maxVolumes>9999999</maxVolumes>
<minVolumes>0</minVolumes>
<normalForm>Third</normalForm>
<attributes itemClass="oracle.dbtools.crest.model.design.logical.Attribute">
<Attribute name="nro_boleta" id="5F967B81-567B-F229-1958-0555983A0A27">
<createdBy>danie</createdBy>
<createdTime>2026-02-09 20:54:46 UTC</createdTime>
<ownerDesignName>sumativa 2</ownerDesignName>
<engineerTo>
<item key="CE26A199-108A-2113-4A62-87C64670D0C4" value="true"/>
</engineerTo>
<useDomainConstraints>false</useDomainConstraints>
<use>1</use>
<logicalDatatype>LOGDT019</logicalDatatype>
<dataTypePrecision>5</dataTypePrecision>
<ownDataTypeParameters>,5,</ownDataTypeParameters>
</Attribute>
<Attribute name="fecha_boleta" id="090FCE9E-3FB0-EC39-1BB5-B53752CEAF8C">
<createdBy>danie</createdBy>
<createdTime>2026-02-09 20:55:29 UTC</createdTime>
<ownerDesignName>sumativa 2</ownerDesignName>
<engineerTo>
<item key="CE26A199-108A-2113-4A62-87C64670D0C4" value="true"/>
</engineerTo>
<useDomainConstraints>false</useDomainConstraints>
<use>1</use>
<logicalDatatype>LOGDT007</logicalDatatype>
<ownDataTypeParameters>,,</ownDataTypeParameters>
</Attribute>
<Attribute name="sigla" id="63A56F36-D242-6C12-4FC4-64E072D3A776">
<createdBy>danie</createdBy>
<createdTime>2026-02-09 20:56:37 UTC</createdTime>
<generatorID>18E5DE73-3E1F-33EA-359B-786B5C3C75E8</generatorID>
<ownerDesignName>sumativa 2</ownerDesignName>
<engineerTo>
<item key="CE26A199-108A-2113-4A62-87C64670D0C4" value="true"/>
</engineerTo>
<referedAttribute>C60BEF26-8418-BC08-8F81-23E21E4E90C0</referedAttribute>
<useDomainConstraints>false</useDomainConstraints>
<use>1</use>
<logicalDatatype>LOGDT025</logicalDatatype>
<dataTypeSize>4</dataTypeSize>
<ownDataTypeParameters>4,,</ownDataTypeParameters>
</Attribute>
<Attribute name="id_cliente" id="A7EA0CB1-AAE1-AEE5-B531-6BD4B4B834B0">
<createdBy>danie</createdBy>
<createdTime>2026-02-09 21:37:59 UTC</createdTime>
<generatorID>106CC66A-C129-D42F-EF13-DB9B5B812222</generatorID>
<ownerDesignName>sumativa 2</ownerDesignName>
<engineerTo>
<item key="CE26A199-108A-2113-4A62-87C64670D0C4" value="true"/>
</engineerTo>
<referedAttribute>61408FC7-114B-F13B-242C-80038E73968F</referedAttribute>
<useDomainConstraints>false</useDomainConstraints>
<use>1</use>
<logicalDatatype>LOGDT019</logicalDatatype>
<dataTypePrecision>6</dataTypePrecision>
<ownDataTypeParameters>,,</ownDataTypeParameters>
</Attribute>
</attributes>
<identifiers itemClass="oracle.dbtools.crest.model.design.logical.CandidateKey">
<identifier id="740EF290-1014-77DF-2928-4E9C724769E1" name="BOLETA PK">
<createdBy>danie</createdBy>
<createdTime>2026-02-09 20:55:27 UTC</createdTime>
<ownerDesignName>sumativa 2</ownerDesignName>
<engineerTo>
<item key="CE26A199-108A-2113-4A62-87C64670D0C4" value="true"/>
</engineerTo>
<pk>true</pk>
<usedAttributes>
<attributeRef>5F967B81-567B-F229-1958-0555983A0A27</attributeRef>
<attributeRef>63A56F36-D242-6C12-4FC4-64E072D3A776</attributeRef>
</usedAttributes>
</identifier>
</identifiers>
</Entity>