<?xml version = '1.0' encoding = 'UTF-8'?>
<Table class="oracle.dbtools.crest.model.design.relational.Table" directorySegmentName="seg_0" id="1B9F388B-B648-268F-5334-E84E6B4793CF" name="Idioma">
<createdBy>lianl</createdBy>
<createdTime>2026-01-31 22:04:52 UTC</createdTime>
<generatorID>45AE772C-5FF6-54D2-C789-82ED020DC5BD</generatorID>
<ownerDesignName>sumativa2_cambios</ownerDesignName>
<allowColumnReorder>false</allowColumnReorder>
<existDependencyGenerateInDDl>true</existDependencyGenerateInDDl>
<parsed>true</parsed>
<columns itemClass="oracle.dbtools.crest.model.design.relational.Column">
<Column name="id_idioma" id="886F1D29-2B4F-CCFE-B2D1-361263096AEE">
<createdBy>lianl</createdBy>
<createdTime>2026-01-31 22:04:52 UTC</createdTime>
<generatorID>BCA6C923-345B-BE2D-9D9F-97295B83B6C2</generatorID>
<ownerDesignName>sumativa2_cambios</ownerDesignName>
<useDomainConstraints>false</useDomainConstraints>
<use>1</use>
<logicalDatatype>LOGDT019</logicalDatatype>
<dataTypePrecision>5</dataTypePrecision>
<ownDataTypeParameters>,5,</ownDataTypeParameters>
<autoIncrementCycle>false</autoIncrementCycle>
</Column>
<Column name="nombre_idioma" id="D55E7C45-56A9-9A10-F57F-4981518C15E5">
<createdBy>lianl</createdBy>
<createdTime>2026-01-31 22:04:52 UTC</createdTime>
<generatorID>39222DCF-42B3-98E0-6FB0-C7952366390F</generatorID>
<ownerDesignName>sumativa2_cambios</ownerDesignName>
<use>0</use>
<ownDataTypeParameters>,,</ownDataTypeParameters>
<autoIncrementCycle>false</autoIncrementCycle>
</Column>
</columns>
<indexes itemClass="oracle.dbtools.crest.model.design.relational.Index">
<ind_PK_UK id="D32C1F4F-24AA-3B59-3CA0-51C6A2B63AAF" name="Idioma_PK">
<createdBy>lianl</createdBy>
<createdTime>2026-01-31 22:04:52 UTC</createdTime>
<generatorID>D70BA162-86B5-F8F2-ED66-4C672C2CFC9E</generatorID>
<ownerDesignName>sumativa2_cambios</ownerDesignName>
<pk>true</pk>
<indexState>Primary Constraint</indexState>
<isSurrogateKey>false</isSurrogateKey>
<indexColumnUsage>
<colUsage columnID="886F1D29-2B4F-CCFE-B2D1-361263096AEE"/>
</indexColumnUsage>
</ind_PK_UK>
</indexes>
</Table>