<?xml version = '1.0' encoding = 'UTF-8'?>
<Table class="oracle.dbtools.crest.model.design.relational.Table" directorySegmentName="seg_0" id="1F76D456-5C18-EC38-9A26-D57BE44045B5" name="Postulacion_internacional">
<createdBy>lianl</createdBy>
<createdTime>2026-01-31 22:04:52 UTC</createdTime>
<generatorID>1C10AAEF-970F-6E57-51C2-A745ABD5A397</generatorID>
<ownerDesignName>sumativa2_cambios</ownerDesignName>
<allowColumnReorder>false</allowColumnReorder>
<existDependencyGenerateInDDl>true</existDependencyGenerateInDDl>
<parsed>true</parsed>
<columns itemClass="oracle.dbtools.crest.model.design.relational.Column">
<Column name="id_postulacion" id="F0B97AC8-B396-20F9-108E-348A198B6072">
<createdBy>lianl</createdBy>
<createdTime>2026-01-31 22:04:52 UTC</createdTime>
<generatorID>85303190-C1FA-C6D7-7C2F-9FE0D065B4E0</generatorID>
<ownerDesignName>sumativa2_cambios</ownerDesignName>
<useDomainConstraints>false</useDomainConstraints>
<use>1</use>
<logicalDatatype>LOGDT019</logicalDatatype>
<dataTypePrecision>10</dataTypePrecision>
<ownDataTypeParameters>,10,</ownDataTypeParameters>
<autoIncrementCycle>false</autoIncrementCycle>
<associations>
<colAssociation fkAssociation="2C3037A0-A235-6BCA-ED6A-CD955EA7EBC8" referredColumn="A805A5BE-2B8C-6F0E-5E0C-41869AA3C04E"/>
</associations>
</Column>
<Column name="fecha_visa" id="85127C6F-1140-3F5E-5F43-88F3D64B204E">
<createdBy>lianl</createdBy>
<createdTime>2026-01-31 22:04:52 UTC</createdTime>
<generatorID>CF982FF1-BC38-5671-5EDD-848E9C79E981</generatorID>
<ownerDesignName>sumativa2_cambios</ownerDesignName>
<useDomainConstraints>false</useDomainConstraints>
<use>1</use>
<logicalDatatype>LOGDT007</logicalDatatype>
<ownDataTypeParameters>,,</ownDataTypeParameters>
<autoIncrementCycle>false</autoIncrementCycle>
</Column>
<Column name="id_visa" id="C0550E21-935E-06D9-5ED3-F6003D9D6E6E">
<createdBy>lianl</createdBy>
<createdTime>2026-01-31 22:04:52 UTC</createdTime>
<generatorID>BCF481FD-5927-22DA-4FE6-92502380F9E5</generatorID>
<ownerDesignName>sumativa2_cambios</ownerDesignName>
<useDomainConstraints>false</useDomainConstraints>
<use>1</use>
<logicalDatatype>LOGDT025</logicalDatatype>
<dataTypeSize>13</dataTypeSize>
<ownDataTypeParameters>13,,</ownDataTypeParameters>
<autoIncrementCycle>false</autoIncrementCycle>
</Column>
</columns>
<indexes itemClass="oracle.dbtools.crest.model.design.relational.Index">
<ind_PK_UK id="629BF243-F2F1-4129-208E-00DDA737110A" name="Postulacion_internacional_PK">
<createdBy>lianl</createdBy>
<createdTime>2026-01-31 22:04:52 UTC</createdTime>
<generatorID>77B3FBA0-D720-90DA-3093-0AB4F540DF0C</generatorID>
<ownerDesignName>sumativa2_cambios</ownerDesignName>
<pk>true</pk>
<indexState>Primary Constraint</indexState>
<isSurrogateKey>false</isSurrogateKey>
<indexColumnUsage>
<colUsage columnID="F0B97AC8-B396-20F9-108E-348A198B6072"/>
</indexColumnUsage>
</ind_PK_UK>
<ind_PK_UK id="9A12B498-F4ED-41C2-0577-95FA6FE6ED72" name="Postulacion_internacional_Postulacion_FK">
<createdBy>lianl</createdBy>
<createdTime>2026-01-31 22:04:52 UTC</createdTime>
<generatorID>32AA017D-0674-B752-EB00-E19E167669C4</generatorID>
<ownerDesignName>sumativa2_cambios</ownerDesignName>
<indexState>Foreign Key</indexState>
<isSurrogateKey>false</isSurrogateKey>
<indexColumnUsage>
<colUsage columnID="F0B97AC8-B396-20F9-108E-348A198B6072"/>
</indexColumnUsage>
</ind_PK_UK>
</indexes>
</Table>