<?xml version = '1.0' encoding = 'UTF-8'?>
<Table class="oracle.dbtools.crest.model.design.relational.Table" directorySegmentName="seg_0" id="20EC8913-65B5-5E75-EF50-2335447B873A" name="Postulante_profesion">
<createdBy>lianl</createdBy>
<createdTime>2026-01-31 22:04:52 UTC</createdTime>
<generatorID>C081E7FA-7C0A-895A-D43F-5993BC942338</generatorID>
<ownerDesignName>sumativa2_cambios</ownerDesignName>
<allowColumnReorder>false</allowColumnReorder>
<existDependencyGenerateInDDl>true</existDependencyGenerateInDDl>
<parsed>true</parsed>
<columns itemClass="oracle.dbtools.crest.model.design.relational.Column">
<Column name="id_postulante_profesion" id="D8DB1546-BC9D-4DD8-96FE-3234D7CD21DC">
<createdBy>lianl</createdBy>
<createdTime>2026-01-31 22:04:52 UTC</createdTime>
<generatorID>EF7F7D6F-02CC-C441-067D-522672BCE78A</generatorID>
<ownerDesignName>sumativa2_cambios</ownerDesignName>
<useDomainConstraints>false</useDomainConstraints>
<use>1</use>
<logicalDatatype>LOGDT019</logicalDatatype>
<dataTypePrecision>10</dataTypePrecision>
<ownDataTypeParameters>,10,</ownDataTypeParameters>
<autoIncrementCycle>false</autoIncrementCycle>
</Column>
<Column name="fecha_obtencion_titulo" id="77DBDE35-6B01-AD1C-3629-F04125D0FED7">
<createdBy>lianl</createdBy>
<createdTime>2026-01-31 22:04:52 UTC</createdTime>
<generatorID>8D492768-6410-792E-8C97-6D829134343E</generatorID>
<ownerDesignName>sumativa2_cambios</ownerDesignName>
<useDomainConstraints>false</useDomainConstraints>
<use>1</use>
<logicalDatatype>LOGDT007</logicalDatatype>
<ownDataTypeParameters>,,</ownDataTypeParameters>
<autoIncrementCycle>false</autoIncrementCycle>
</Column>
<Column name="Profesion_id_profesion" id="4E283A69-56B4-35F2-A087-298E3D63845B">
<createdBy>lianl</createdBy>
<createdTime>2026-01-31 22:04:52 UTC</createdTime>
<generatorID>540C2933-7E48-C070-D312-C90B95591BAE</generatorID>
<ownerDesignName>sumativa2_cambios</ownerDesignName>
<useDomainConstraints>false</useDomainConstraints>
<use>1</use>
<logicalDatatype>LOGDT019</logicalDatatype>
<dataTypePrecision>5</dataTypePrecision>
<ownDataTypeParameters>,5,</ownDataTypeParameters>
<previousColumn>false</previousColumn>
<autoIncrementCycle>false</autoIncrementCycle>
<associations>
<colAssociation fkAssociation="9B624FE0-3B20-13BB-F2DE-4EF6D6BCC323" referredColumn="5D77667A-7777-E33A-2130-A42A282A842A"/>
</associations>
</Column>
<Column name="Postulante_id_postulante" id="92FDF6FF-E24E-4E7A-D49D-D89FBBF7CD16">
<createdBy>lianl</createdBy>
<createdTime>2026-01-31 22:04:52 UTC</createdTime>
<generatorID>9D382B6C-C177-3573-8A7C-F0F036BEFAA4</generatorID>
<ownerDesignName>sumativa2_cambios</ownerDesignName>
<useDomainConstraints>false</useDomainConstraints>
<use>1</use>
<logicalDatatype>LOGDT019</logicalDatatype>
<dataTypePrecision>10</dataTypePrecision>
<ownDataTypeParameters>,10,</ownDataTypeParameters>
<previousColumn>false</previousColumn>
<autoIncrementCycle>false</autoIncrementCycle>
<associations>
<colAssociation fkAssociation="F1218EB0-0290-C42F-A71A-84058F6FC589" referredColumn="B4E53F89-A59E-6373-D9B2-132C391F57DD"/>
</associations>
</Column>
</columns>
<indexes itemClass="oracle.dbtools.crest.model.design.relational.Index">
<ind_PK_UK id="D28A57A1-820E-CFC0-448E-015740474BA5" name="Postulante_profesion_PK">
<createdBy>lianl</createdBy>
<createdTime>2026-01-31 22:04:52 UTC</createdTime>
<generatorID>260533A6-FB4D-8695-73A2-DED10E4EFFA7</generatorID>
<ownerDesignName>sumativa2_cambios</ownerDesignName>
<pk>true</pk>
<indexState>Primary Constraint</indexState>
<isSurrogateKey>false</isSurrogateKey>
<indexColumnUsage>
<colUsage columnID="D8DB1546-BC9D-4DD8-96FE-3234D7CD21DC"/>
</indexColumnUsage>
</ind_PK_UK>
<ind_PK_UK id="EF3185D3-F746-75D9-8A48-5C14CBFD93A4" name="Postulante_profesion_Profesion_FK">
<createdBy>lianl</createdBy>
<createdTime>2026-01-31 22:04:52 UTC</createdTime>
<generatorID>82B4CCB9-81D6-319F-11E9-C76889035F67</generatorID>
<ownerDesignName>sumativa2_cambios</ownerDesignName>
<indexState>Foreign Key</indexState>
<isSurrogateKey>false</isSurrogateKey>
<indexColumnUsage>
<colUsage columnID="4E283A69-56B4-35F2-A087-298E3D63845B"/>
</indexColumnUsage>
</ind_PK_UK>
<ind_PK_UK id="7907686B-D457-B668-0B1F-FB7E03ACC4B7" name="Postulante_profesion_Postulante_FK">
<createdBy>lianl</createdBy>
<createdTime>2026-01-31 22:04:52 UTC</createdTime>
<generatorID>B4462D60-BB06-92B4-6DBA-AE06F57EEA29</generatorID>
<ownerDesignName>sumativa2_cambios</ownerDesignName>
<indexState>Foreign Key</indexState>
<isSurrogateKey>false</isSurrogateKey>
<indexColumnUsage>
<colUsage columnID="92FDF6FF-E24E-4E7A-D49D-D89FBBF7CD16"/>
</indexColumnUsage>
</ind_PK_UK>
</indexes>
</Table>