<?xml version = '1.0' encoding = 'UTF-8'?>
<Table class="oracle.dbtools.crest.model.design.relational.Table" directorySegmentName="seg_0" id="9139D36F-D88C-C36E-75C2-2FE7B9C734E6" name="Postulacion">
<createdBy>lianl</createdBy>
<createdTime>2026-01-31 22:04:52 UTC</createdTime>
<generatorID>E757A688-55CD-028A-0503-741E64DC897A</generatorID>
<ownerDesignName>sumativa2_cambios</ownerDesignName>
<allowColumnReorder>false</allowColumnReorder>
<existDependencyGenerateInDDl>true</existDependencyGenerateInDDl>
<parsed>true</parsed>
<columns itemClass="oracle.dbtools.crest.model.design.relational.Column">
<Column name="id_postulacion" id="A805A5BE-2B8C-6F0E-5E0C-41869AA3C04E">
<createdBy>lianl</createdBy>
<createdTime>2026-01-31 22:04:52 UTC</createdTime>
<generatorID>85303190-C1FA-C6D7-7C2F-9FE0D065B4E0</generatorID>
<ownerDesignName>sumativa2_cambios</ownerDesignName>
<useDomainConstraints>false</useDomainConstraints>
<use>1</use>
<logicalDatatype>LOGDT019</logicalDatatype>
<dataTypePrecision>10</dataTypePrecision>
<ownDataTypeParameters>,10,</ownDataTypeParameters>
<autoIncrementCycle>false</autoIncrementCycle>
</Column>
<Column name="fecha_postulacion" id="767D5B6C-F5D2-EC09-88DE-4C248CD23A37">
<createdBy>lianl</createdBy>
<createdTime>2026-01-31 22:04:52 UTC</createdTime>
<generatorID>7D6F1440-F3A8-C8FC-8FD6-E6C5A8CA066F</generatorID>
<ownerDesignName>sumativa2_cambios</ownerDesignName>
<useDomainConstraints>false</useDomainConstraints>
<use>1</use>
<logicalDatatype>LOGDT007</logicalDatatype>
<ownDataTypeParameters>,,</ownDataTypeParameters>
<autoIncrementCycle>false</autoIncrementCycle>
</Column>
<Column name="Empresa_id_empresa" id="B0D9E620-056A-923C-1719-D37FDB1A711B">
<createdBy>lianl</createdBy>
<createdTime>2026-01-31 22:04:52 UTC</createdTime>
<generatorID>751B034E-0A83-8980-C8EA-5B629C2475DC</generatorID>
<ownerDesignName>sumativa2_cambios</ownerDesignName>
<useDomainConstraints>false</useDomainConstraints>
<use>1</use>
<logicalDatatype>LOGDT019</logicalDatatype>
<dataTypePrecision>3</dataTypePrecision>
<ownDataTypeParameters>,3,</ownDataTypeParameters>
<previousColumn>false</previousColumn>
<autoIncrementCycle>false</autoIncrementCycle>
<associations>
<colAssociation fkAssociation="CDEF722C-8046-BD41-D9AC-2D114A56EDC3" referredColumn="F908C222-DD66-0FD9-02D9-B3C2A1DA29A7"/>
</associations>
</Column>
<Column name="Postulante_id_postulante" id="95916231-F56E-A912-D4FF-4C4AC09400AD">
<createdBy>lianl</createdBy>
<createdTime>2026-01-31 22:04:52 UTC</createdTime>
<generatorID>48386069-F9D7-A7CA-F9E4-FF5D75D19622</generatorID>
<ownerDesignName>sumativa2_cambios</ownerDesignName>
<useDomainConstraints>false</useDomainConstraints>
<use>1</use>
<logicalDatatype>LOGDT019</logicalDatatype>
<dataTypePrecision>10</dataTypePrecision>
<ownDataTypeParameters>,10,</ownDataTypeParameters>
<previousColumn>false</previousColumn>
<autoIncrementCycle>false</autoIncrementCycle>
<associations>
<colAssociation fkAssociation="6FF5A331-DDF7-9E4C-3CBF-C312AD3CB3B6" referredColumn="B4E53F89-A59E-6373-D9B2-132C391F57DD"/>
</associations>
</Column>
</columns>
<indexes itemClass="oracle.dbtools.crest.model.design.relational.Index">
<ind_PK_UK id="6A38F707-E914-5D81-4645-9C7997F86EE6" name="Postulacion_PK">
<createdBy>lianl</createdBy>
<createdTime>2026-01-31 22:04:52 UTC</createdTime>
<generatorID>77B3FBA0-D720-90DA-3093-0AB4F540DF0C</generatorID>
<ownerDesignName>sumativa2_cambios</ownerDesignName>
<pk>true</pk>
<indexState>Primary Constraint</indexState>
<isSurrogateKey>false</isSurrogateKey>
<indexColumnUsage>
<colUsage columnID="A805A5BE-2B8C-6F0E-5E0C-41869AA3C04E"/>
</indexColumnUsage>
</ind_PK_UK>
<ind_PK_UK id="E9F7359F-7525-207D-2BA0-72F2FB807759" name="Postulacion__IDX">
<createdBy>lianl</createdBy>
<createdTime>2026-01-31 22:04:52 UTC</createdTime>
<ownerDesignName>sumativa2_cambios</ownerDesignName>
<indexState>Unique Plain Index</indexState>
<isSurrogateKey>false</isSurrogateKey>
<relationGeneratorID>77925378-9856-10DC-2413-4A69D5517495</relationGeneratorID>
<indexColumnUsage>
<colUsage columnID="95916231-F56E-A912-D4FF-4C4AC09400AD"/>
</indexColumnUsage>
</ind_PK_UK>
<ind_PK_UK id="F386D45D-99E2-C0D3-8532-2490B3033DBC" name="Postulacion_Empresa_FK">
<createdBy>lianl</createdBy>
<createdTime>2026-01-31 22:04:52 UTC</createdTime>
<generatorID>FBE33EAD-C890-F348-78E8-866C0BC6FC14</generatorID>
<ownerDesignName>sumativa2_cambios</ownerDesignName>
<indexState>Foreign Key</indexState>
<isSurrogateKey>false</isSurrogateKey>
<indexColumnUsage>
<colUsage columnID="B0D9E620-056A-923C-1719-D37FDB1A711B"/>
</indexColumnUsage>
</ind_PK_UK>
<ind_PK_UK id="D9B47EE3-634A-731A-C315-27EBA659CE3F" name="Postulacion_Postulante_FK">
<createdBy>lianl</createdBy>
<createdTime>2026-01-31 22:04:52 UTC</createdTime>
<generatorID>77925378-9856-10DC-2413-4A69D5517495</generatorID>
<ownerDesignName>sumativa2_cambios</ownerDesignName>
<indexState>Foreign Key</indexState>
<isSurrogateKey>false</isSurrogateKey>
<indexColumnUsage>
<colUsage columnID="95916231-F56E-A912-D4FF-4C4AC09400AD"/>
</indexColumnUsage>
</ind_PK_UK>
</indexes>
</Table>