<?xml version = '1.0' encoding = 'UTF-8'?>
<Table class="oracle.dbtools.crest.model.design.relational.Table" directorySegmentName="seg_0" id="B5C6E245-DB8D-F2C6-9083-269BB37A2E62" name="Postulacion_nacional">
<createdBy>lianl</createdBy>
<createdTime>2026-01-31 22:04:52 UTC</createdTime>
<generatorID>AC2073B1-5685-CEBF-BEA3-18B50EEC6C2B</generatorID>
<ownerDesignName>sumativa2_cambios</ownerDesignName>
<allowColumnReorder>false</allowColumnReorder>
<existDependencyGenerateInDDl>true</existDependencyGenerateInDDl>
<parsed>true</parsed>
<columns itemClass="oracle.dbtools.crest.model.design.relational.Column">
<Column name="id_postulacion" id="88037AEF-34B8-E52E-6CF6-C5E40E95BD57">
<createdBy>lianl</createdBy>
<createdTime>2026-01-31 22:04:52 UTC</createdTime>
<generatorID>85303190-C1FA-C6D7-7C2F-9FE0D065B4E0</generatorID>
<ownerDesignName>sumativa2_cambios</ownerDesignName>
<useDomainConstraints>false</useDomainConstraints>
<use>1</use>
<logicalDatatype>LOGDT019</logicalDatatype>
<dataTypePrecision>10</dataTypePrecision>
<ownDataTypeParameters>,10,</ownDataTypeParameters>
<autoIncrementCycle>false</autoIncrementCycle>
<associations>
<colAssociation fkAssociation="270D9281-0C92-4E5D-B00D-3E6F7188D494" referredColumn="A805A5BE-2B8C-6F0E-5E0C-41869AA3C04E"/>
</associations>
</Column>
<Column name="pretension_renta" id="24F524AB-1450-40AC-AEC1-81FA845150BF">
<createdBy>lianl</createdBy>
<createdTime>2026-01-31 22:04:52 UTC</createdTime>
<generatorID>835CBBCA-3BB5-32A6-F73F-631BF6A69D92</generatorID>
<ownerDesignName>sumativa2_cambios</ownerDesignName>
<useDomainConstraints>false</useDomainConstraints>
<use>1</use>
<logicalDatatype>LOGDT019</logicalDatatype>
<dataTypePrecision>7</dataTypePrecision>
<ownDataTypeParameters>,7,</ownDataTypeParameters>
<autoIncrementCycle>false</autoIncrementCycle>
</Column>
</columns>
<indexes itemClass="oracle.dbtools.crest.model.design.relational.Index">
<ind_PK_UK id="0AAA2A4A-BB07-CB2C-14EA-D061790980E6" name="Postulacion_nacional_PK">
<createdBy>lianl</createdBy>
<createdTime>2026-01-31 22:04:52 UTC</createdTime>
<generatorID>77B3FBA0-D720-90DA-3093-0AB4F540DF0C</generatorID>
<ownerDesignName>sumativa2_cambios</ownerDesignName>
<pk>true</pk>
<indexState>Primary Constraint</indexState>
<isSurrogateKey>false</isSurrogateKey>
<indexColumnUsage>
<colUsage columnID="88037AEF-34B8-E52E-6CF6-C5E40E95BD57"/>
</indexColumnUsage>
</ind_PK_UK>
<ind_PK_UK id="80B5629B-D4EE-6DCE-9728-96DAB611F60E" name="Postulacion_nacional_Postulacion_FK">
<createdBy>lianl</createdBy>
<createdTime>2026-01-31 22:04:52 UTC</createdTime>
<generatorID>773A8BE2-9AAB-CC99-B669-1FCF08F803B2</generatorID>
<ownerDesignName>sumativa2_cambios</ownerDesignName>
<indexState>Foreign Key</indexState>
<isSurrogateKey>false</isSurrogateKey>
<indexColumnUsage>
<colUsage columnID="88037AEF-34B8-E52E-6CF6-C5E40E95BD57"/>
</indexColumnUsage>
</ind_PK_UK>
</indexes>
</Table>