<?xml version = '1.0' encoding = 'UTF-8'?>
<Table class="oracle.dbtools.crest.model.design.relational.Table" directorySegmentName="seg_0" id="E024680D-31F3-F716-5842-71B10FB6DC0A" name="Empresa">
<createdBy>lianl</createdBy>
<createdTime>2026-01-31 22:04:52 UTC</createdTime>
<generatorID>063B2AFD-C1E5-8206-1EFE-15F9E7CD6D18</generatorID>
<ownerDesignName>sumativa2_cambios</ownerDesignName>
<allowColumnReorder>false</allowColumnReorder>
<existDependencyGenerateInDDl>true</existDependencyGenerateInDDl>
<parsed>true</parsed>
<columns itemClass="oracle.dbtools.crest.model.design.relational.Column">
<Column name="id_empresa" id="F908C222-DD66-0FD9-02D9-B3C2A1DA29A7">
<createdBy>lianl</createdBy>
<createdTime>2026-01-31 22:04:52 UTC</createdTime>
<generatorID>C7935A1A-6C5A-7BDC-C93F-887D8F6AC956</generatorID>
<ownerDesignName>sumativa2_cambios</ownerDesignName>
<useDomainConstraints>false</useDomainConstraints>
<use>1</use>
<logicalDatatype>LOGDT019</logicalDatatype>
<dataTypePrecision>3</dataTypePrecision>
<ownDataTypeParameters>,3,</ownDataTypeParameters>
<autoIncrementCycle>false</autoIncrementCycle>
</Column>
<Column name="nombre" id="34D7C950-FA46-7A1C-740C-497ED12AC127">
<createdBy>lianl</createdBy>
<createdTime>2026-01-31 22:04:52 UTC</createdTime>
<generatorID>DA301B2E-9426-D3EF-41FA-9438C547BFF5</generatorID>
<ownerDesignName>sumativa2_cambios</ownerDesignName>
<useDomainConstraints>false</useDomainConstraints>
<use>1</use>
<logicalDatatype>LOGDT024</logicalDatatype>
<dataTypeSize>25</dataTypeSize>
<ownDataTypeParameters>25,,</ownDataTypeParameters>
<autoIncrementCycle>false</autoIncrementCycle>
</Column>
<Column name="direccion" id="B55F41DA-3BD2-4E3C-B42E-9561953D92F5">
<createdBy>lianl</createdBy>
<createdTime>2026-01-31 22:04:52 UTC</createdTime>
<generatorID>3715FA4C-185E-834E-FD9E-455C798AD5BF</generatorID>
<ownerDesignName>sumativa2_cambios</ownerDesignName>
<useDomainConstraints>false</useDomainConstraints>
<use>1</use>
<logicalDatatype>LOGDT024</logicalDatatype>
<dataTypeSize>200</dataTypeSize>
<ownDataTypeParameters>200,,</ownDataTypeParameters>
<autoIncrementCycle>false</autoIncrementCycle>
</Column>
<Column name="remuneracion_maxima" id="C6BC40F3-B7B0-6A71-8B97-3796546BE06B">
<createdBy>lianl</createdBy>
<createdTime>2026-01-31 22:04:52 UTC</createdTime>
<generatorID>9EA7DA35-8C23-2DAE-4D97-EA7CBF1C4449</generatorID>
<ownerDesignName>sumativa2_cambios</ownerDesignName>
<useDomainConstraints>false</useDomainConstraints>
<use>1</use>
<logicalDatatype>LOGDT019</logicalDatatype>
<dataTypePrecision>7</dataTypePrecision>
<ownDataTypeParameters>,7,</ownDataTypeParameters>
<autoIncrementCycle>false</autoIncrementCycle>
</Column>
<Column name="sigla" id="2DC12FA4-2D4C-640D-597D-BDDE98522DCA">
<createdBy>lianl</createdBy>
<createdTime>2026-01-31 22:04:52 UTC</createdTime>
<generatorID>89CF390C-7099-714E-A353-59052DF6B4DA</generatorID>
<ownerDesignName>sumativa2_cambios</ownerDesignName>
<useDomainConstraints>false</useDomainConstraints>
<use>1</use>
<logicalDatatype>LOGDT024</logicalDatatype>
<dataTypeSize>25</dataTypeSize>
<ownDataTypeParameters>25,,</ownDataTypeParameters>
<autoIncrementCycle>false</autoIncrementCycle>
</Column>
<Column name="ciudad" id="D443A08C-D16D-43E7-7B41-CBDAFFF350D1">
<createdBy>lianl</createdBy>
<createdTime>2026-01-31 22:04:52 UTC</createdTime>
<generatorID>81C31BD4-EB6B-ADEF-9967-46307DBF64DF</generatorID>
<ownerDesignName>sumativa2_cambios</ownerDesignName>
<useDomainConstraints>false</useDomainConstraints>
<use>1</use>
<logicalDatatype>LOGDT024</logicalDatatype>
<dataTypeSize>20</dataTypeSize>
<ownDataTypeParameters>20,,</ownDataTypeParameters>
<autoIncrementCycle>false</autoIncrementCycle>
</Column>
<Column name="pais" id="A4969C12-8968-CA9C-3A3D-FC0A87E9EB49">
<createdBy>lianl</createdBy>
<createdTime>2026-01-31 22:04:52 UTC</createdTime>
<generatorID>70C5C7E3-737D-620D-3C1C-11B3E3D7F8D7</generatorID>
<ownerDesignName>sumativa2_cambios</ownerDesignName>
<nullsAllowed>true</nullsAllowed>
<useDomainConstraints>false</useDomainConstraints>
<use>1</use>
<logicalDatatype>LOGDT024</logicalDatatype>
<dataTypeSize>20</dataTypeSize>
<ownDataTypeParameters>20,,</ownDataTypeParameters>
<autoIncrementCycle>false</autoIncrementCycle>
</Column>
</columns>
<indexes itemClass="oracle.dbtools.crest.model.design.relational.Index">
<ind_PK_UK id="E4E7AFCD-81B6-6F32-E433-EA4D7D2196AC" name="Empresa_PK">
<createdBy>lianl</createdBy>
<createdTime>2026-01-31 22:04:52 UTC</createdTime>
<generatorID>573C78A1-4B5A-4E60-5B02-045BDC599DE4</generatorID>
<ownerDesignName>sumativa2_cambios</ownerDesignName>
<pk>true</pk>
<indexState>Primary Constraint</indexState>
<isSurrogateKey>false</isSurrogateKey>
<indexColumnUsage>
<colUsage columnID="F908C222-DD66-0FD9-02D9-B3C2A1DA29A7"/>
</indexColumnUsage>
</ind_PK_UK>
</indexes>
</Table>