<?xml version = '1.0' encoding = 'UTF-8'?>
<InheritanceRelation class="oracle.dbtools.crest.model.design.logical.InheritanceRelation" name="Hierarchy_3" directorySegmentName="seg_0" id="5A9AE65A-95EA-FB04-BD7E-E3B6DEECA231">
<createdBy>danie</createdBy>
<createdTime>2026-01-25 23:04:41 UTC</createdTime>
<ownerDesignName>Ejercio_1</ownerDesignName>
<engineerTo>
<item key="CA95AFBF-8A9E-EB72-B19E-18B8A5FBB9D6" value="true"/>
</engineerTo>
<identifying>false</identifying>
<nameOnSource>Super Type</nameOnSource>
<nameOnTarget>Sub Type</nameOnTarget>
<optionalSource>true</optionalSource>
<optionalTarget>true</optionalTarget>
<sourceEntity>A5C8D202-7367-55F6-2BCC-11E64BDC194B</sourceEntity>
<targetEntity>8BA7BF38-0DCE-A364-D0A9-F4A4B2322D35</targetEntity>
<transferable>true</transferable>
<deleteRule>NO ACTION</deleteRule>
</InheritanceRelation>