<?xml version = '1.0' encoding = 'UTF-8'?>
<Diagram class="oracle.dbtools.crest.swingui.logical.DPVLogical" name="Logical" id="AF5A71AA-4785-1CA1-E896-1B2E4F01469C">
<createdBy>danie</createdBy>
<modifiedBy>danie</modifiedBy>
<createdTime>2026-01-10 12:20:20 UTC</createdTime>
<autoRoute>false</autoRoute>
<boxInbox>true</boxInbox>
<showLegend>false</showLegend>
<showLabels>false</showLabels>
<showRelAttributes>false</showRelAttributes>
<gridEnabled>false</gridEnabled>
<showGrid>false</showGrid>
<diagramColor>-1</diagramColor>
<display>false</display>
<notation>0</notation>
<objectViews>
<OView class="oracle.dbtools.crest.swingui.logical.TVEntity" oid="38D15A15-B17B-4A3A-4ECA-8668F1898DCA" otype="Entity" vid="1BDD53A0-64A5-2C3E-8474-311B42D4ED29">
<hideElementsInCurrentOnly>false</hideElementsInCurrentOnly>
<bounds x="405" y="102" width="291" height="283"/>
</OView>
<OView class="oracle.dbtools.crest.swingui.logical.TVEntity" oid="C0285D65-CA43-8320-A791-05033EBFB7A3" otype="Entity" vid="78FE48BA-2D9E-716E-0E7F-B2AFFB7DFD90">
<hideElementsInCurrentOnly>false</hideElementsInCurrentOnly>
<bounds x="82" y="424" width="260" height="123"/>
</OView>
<OView class="oracle.dbtools.crest.swingui.logical.TVEntity" oid="C8B2AFA6-3CBA-5E7E-D635-BA5138ACED65" otype="Entity" vid="A6BFE62F-D533-8D81-E378-B9437E76882D">
<hideElementsInCurrentOnly>false</hideElementsInCurrentOnly>
<bounds x="404" y="412" width="290" height="170"/>
</OView>
<OView class="oracle.dbtools.crest.swingui.logical.TVEntity" oid="D022B377-34F3-DD82-5369-A46F4694E964" otype="Entity" vid="CD3569F5-C7AE-58BB-22C5-583F491DC4FC">
<hideElementsInCurrentOnly>false</hideElementsInCurrentOnly>
<bounds x="84" y="107" width="263" height="285"/>
</OView>
</objectViews>
</Diagram>