<?xml version = '1.0' encoding = 'UTF-8'?>
<Arc class="oracle.dbtools.crest.model.design.logical.Arc" directorySegmentName="seg_0" id="93AD5503-C2CF-53C9-446A-D91526DADEFF" name="Arc_1">
<createdBy>danie</createdBy>
<createdTime>2026-02-09 21:36:00 UTC</createdTime>
<ownerDesignName>sumativa 2</ownerDesignName>
<engineerTo>
<item key="CE26A199-108A-2113-4A62-87C64670D0C4" value="true"/>
</engineerTo>
<entity>C7C2D68D-7296-D89A-775D-AC23662F043B</entity>
<relations>
<relationID>E06F9ED6-90AF-F884-B12E-1476A94445FD</relationID>
<relationID>320FFCBB-8D8A-DD05-245A-8EEB3A2360B2</relationID>
</relations>
</Arc>