<?xml version = '1.0' encoding = 'UTF-8'?>
<Entity class="oracle.dbtools.crest.model.design.logical.Entity" directorySegmentName="seg_0" id="624589A4-0693-D38A-FA4E-9E162EB66808" name="EQUIPAJE">
<createdBy>danie</createdBy>
<createdTime>2026-01-17 19:55:52 UTC</createdTime>
<ownerDesignName>Ejercio_1</ownerDesignName>
<engineerTo>
<item key="CA95AFBF-8A9E-EB72-B19E-18B8A5FBB9D6" value="true"/>
</engineerTo>
<adequatelyNormalized>NO</adequatelyNormalized>
<expectedVolumes>0</expectedVolumes>
<fwdEngineeringStrategyName>Single Table</fwdEngineeringStrategyName>
<growthPercent>0</growthPercent>
<growthType>Year</growthType>
<maxVolumes>9999999</maxVolumes>
<minVolumes>0</minVolumes>
<normalForm>Third</normalForm>
<attributes itemClass="oracle.dbtools.crest.model.design.logical.Attribute">
<Attribute name="rut_pasaporte" id="1BAA5B51-BFEE-85FA-4330-6518CEFEFD0F">
<createdBy>danie</createdBy>
<createdTime>2026-01-20 02:04:23 UTC</createdTime>
<generatorID>99B1871B-59AD-6EDC-F582-A021075FB5F3</generatorID>
<ownerDesignName>Ejercio_1</ownerDesignName>
<engineerTo>
<item key="CA95AFBF-8A9E-EB72-B19E-18B8A5FBB9D6" value="true"/>
</engineerTo>
<referedAttribute>9320D9C5-ABBE-25F6-0329-92D2D48716D8</referedAttribute>
<useDomainConstraints>false</useDomainConstraints>
<use>1</use>
<logicalDatatype>LOGDT025</logicalDatatype>
<dataTypeSize>9</dataTypeSize>
<ownDataTypeParameters>,,</ownDataTypeParameters>
</Attribute>
<Attribute name="codigo_id" id="4DAF62F2-3B17-59A8-3A89-563D1FEE9AED">
<createdBy>danie</createdBy>
<createdTime>2026-01-17 19:55:59 UTC</createdTime>
<ownerDesignName>Ejercio_1</ownerDesignName>
<engineerTo>
<item key="CA95AFBF-8A9E-EB72-B19E-18B8A5FBB9D6" value="true"/>
</engineerTo>
<useDomainConstraints>false</useDomainConstraints>
<use>1</use>
<logicalDatatype>LOGDT025</logicalDatatype>
<dataTypeSize>6</dataTypeSize>
<ownDataTypeParameters>6,,</ownDataTypeParameters>
</Attribute>
<Attribute name="color" id="9E916827-67AB-46DC-0695-FA5248EF9B29">
<createdBy>danie</createdBy>
<createdTime>2026-01-17 19:56:34 UTC</createdTime>
<ownerDesignName>Ejercio_1</ownerDesignName>
<engineerTo>
<item key="CA95AFBF-8A9E-EB72-B19E-18B8A5FBB9D6" value="true"/>
</engineerTo>
<useDomainConstraints>false</useDomainConstraints>
<use>1</use>
<logicalDatatype>LOGDT024</logicalDatatype>
<dataTypeSize>7</dataTypeSize>
<ownDataTypeParameters>7,,</ownDataTypeParameters>
</Attribute>
<Attribute name="peso" id="468E54DE-FB36-99C8-1015-2A7562F4A95D">
<createdBy>danie</createdBy>
<createdTime>2026-01-17 19:59:56 UTC</createdTime>
<ownerDesignName>Ejercio_1</ownerDesignName>
<engineerTo>
<item key="CA95AFBF-8A9E-EB72-B19E-18B8A5FBB9D6" value="true"/>
</engineerTo>
<nullsAllowed>true</nullsAllowed>
<useDomainConstraints>false</useDomainConstraints>
<use>1</use>
<logicalDatatype>LOGDT019</logicalDatatype>
<dataTypePrecision>50</dataTypePrecision>
<dataTypeScale>2</dataTypeScale>
<ownDataTypeParameters>,50,2</ownDataTypeParameters>
</Attribute>
<Attribute name="descripcion" id="613061A9-A525-61C5-22BE-A2FAA00FF971">
<createdBy>danie</createdBy>
<createdTime>2026-01-17 20:00:11 UTC</createdTime>
<ownerDesignName>Ejercio_1</ownerDesignName>
<engineerTo>
<item key="CA95AFBF-8A9E-EB72-B19E-18B8A5FBB9D6" value="true"/>
</engineerTo>
<nullsAllowed>true</nullsAllowed>
<useDomainConstraints>false</useDomainConstraints>
<use>1</use>
<logicalDatatype>LOGDT024</logicalDatatype>
<dataTypeSize>130</dataTypeSize>
<ownDataTypeParameters>130,,</ownDataTypeParameters>
</Attribute>
</attributes>
<identifiers itemClass="oracle.dbtools.crest.model.design.logical.CandidateKey">
<identifier id="C1F8148A-E135-A883-4A17-6F534E052F5D" name="EQUIPAJE PK">
<createdBy>danie</createdBy>
<createdTime>2026-01-17 19:56:16 UTC</createdTime>
<ownerDesignName>Ejercio_1</ownerDesignName>
<engineerTo>
<item key="CA95AFBF-8A9E-EB72-B19E-18B8A5FBB9D6" value="true"/>
</engineerTo>
<pk>true</pk>
<usedAttributes>
<attributeRef>1BAA5B51-BFEE-85FA-4330-6518CEFEFD0F</attributeRef>
</usedAttributes>
</identifier>
</identifiers>
</Entity>