<?xml version = '1.0' encoding = 'UTF-8'?>
<Entity class="oracle.dbtools.crest.model.design.logical.Entity" directorySegmentName="seg_0" id="C8B2AFA6-3CBA-5E7E-D635-BA5138ACED65" name="VUELO">
<createdBy>danie</createdBy>
<createdTime>2026-01-10 16:34:32 UTC</createdTime>
<ownerDesignName>Ejercio_1</ownerDesignName>
<engineerTo>
<item key="CA95AFBF-8A9E-EB72-B19E-18B8A5FBB9D6" value="true"/>
</engineerTo>
<adequatelyNormalized>NO</adequatelyNormalized>
<expectedVolumes>0</expectedVolumes>
<fwdEngineeringStrategyName>Single Table</fwdEngineeringStrategyName>
<growthPercent>0</growthPercent>
<growthType>Year</growthType>
<maxVolumes>9999999</maxVolumes>
<minVolumes>0</minVolumes>
<normalForm>Third</normalForm>
<attributes itemClass="oracle.dbtools.crest.model.design.logical.Attribute">
<Attribute name="num_vuelo" id="37BAB3DC-9A01-1A98-6172-9D0FAD1298C6">
<createdBy>danie</createdBy>
<createdTime>2026-01-10 16:34:38 UTC</createdTime>
<ownerDesignName>Ejercio_1</ownerDesignName>
<engineerTo>
<item key="CA95AFBF-8A9E-EB72-B19E-18B8A5FBB9D6" value="true"/>
</engineerTo>
<useDomainConstraints>false</useDomainConstraints>
<use>1</use>
<logicalDatatype>LOGDT025</logicalDatatype>
<dataTypeSize>6</dataTypeSize>
<ownDataTypeParameters>6,,</ownDataTypeParameters>
</Attribute>
<Attribute name="fecha_despegue" id="7DBDF1CA-1CF5-5E94-6AA0-952D4D5CFAAD">
<createdBy>danie</createdBy>
<createdTime>2026-01-10 16:35:19 UTC</createdTime>
<ownerDesignName>Ejercio_1</ownerDesignName>
<engineerTo>
<item key="CA95AFBF-8A9E-EB72-B19E-18B8A5FBB9D6" value="true"/>
</engineerTo>
<useDomainConstraints>false</useDomainConstraints>
<use>1</use>
<logicalDatatype>LOGDT007</logicalDatatype>
<ownDataTypeParameters>,,</ownDataTypeParameters>
</Attribute>
<Attribute name="fecha_llegada" id="E22A4F0F-CC84-8372-3FC4-CB083C8A0A85">
<createdBy>danie</createdBy>
<createdTime>2026-01-10 16:35:29 UTC</createdTime>
<ownerDesignName>Ejercio_1</ownerDesignName>
<engineerTo>
<item key="CA95AFBF-8A9E-EB72-B19E-18B8A5FBB9D6" value="true"/>
</engineerTo>
<useDomainConstraints>false</useDomainConstraints>
<use>1</use>
<logicalDatatype>LOGDT014</logicalDatatype>
<ownDataTypeParameters>,,</ownDataTypeParameters>
</Attribute>
<Attribute name="hora_salida_aeropuerto" id="4717A409-98F7-2DE8-3C4A-12B1932BA3B9">
<createdBy>danie</createdBy>
<createdTime>2026-01-10 16:35:41 UTC</createdTime>
<ownerDesignName>Ejercio_1</ownerDesignName>
<engineerTo>
<item key="CA95AFBF-8A9E-EB72-B19E-18B8A5FBB9D6" value="true"/>
</engineerTo>
<nullsAllowed>true</nullsAllowed>
<useDomainConstraints>false</useDomainConstraints>
<use>1</use>
<logicalDatatype>LOGDT014</logicalDatatype>
<ownDataTypeParameters>,,</ownDataTypeParameters>
</Attribute>
<Attribute name="ciudad_destino" id="F699FC36-F397-00E4-4056-F5FFAAB20046">
<createdBy>danie</createdBy>
<createdTime>2026-01-10 17:33:02 UTC</createdTime>
<ownerDesignName>Ejercio_1</ownerDesignName>
<engineerTo>
<item key="CA95AFBF-8A9E-EB72-B19E-18B8A5FBB9D6" value="true"/>
</engineerTo>
<useDomainConstraints>false</useDomainConstraints>
<use>1</use>
<logicalDatatype>LOGDT024</logicalDatatype>
<dataTypeSize>45</dataTypeSize>
<ownDataTypeParameters>45,,</ownDataTypeParameters>
</Attribute>
<Attribute name="ciudad_origen" id="76233304-4B34-D98F-DB85-A2432E32F5BE">
<createdBy>danie</createdBy>
<createdTime>2026-01-10 17:34:33 UTC</createdTime>
<ownerDesignName>Ejercio_1</ownerDesignName>
<engineerTo>
<item key="CA95AFBF-8A9E-EB72-B19E-18B8A5FBB9D6" value="true"/>
</engineerTo>
<useDomainConstraints>false</useDomainConstraints>
<use>1</use>
<logicalDatatype>LOGDT024</logicalDatatype>
<dataTypeSize>45</dataTypeSize>
<ownDataTypeParameters>45,,</ownDataTypeParameters>
</Attribute>
<Attribute name="num_escala" id="5BA2BEFF-DC8B-2C2D-D3A0-F41B612B401B">
<createdBy>danie</createdBy>
<createdTime>2026-01-17 19:52:55 UTC</createdTime>
<ownerDesignName>Ejercio_1</ownerDesignName>
<engineerTo>
<item key="CA95AFBF-8A9E-EB72-B19E-18B8A5FBB9D6" value="true"/>
</engineerTo>
<nullsAllowed>true</nullsAllowed>
<useDomainConstraints>false</useDomainConstraints>
<use>1</use>
<logicalDatatype>LOGDT019</logicalDatatype>
<dataTypePrecision>4</dataTypePrecision>
<ownDataTypeParameters>,4,</ownDataTypeParameters>
</Attribute>
<Attribute name="ciudad_escala" id="7E083B25-8866-AA10-DDF8-6E41D873BE02">
<createdBy>danie</createdBy>
<createdTime>2026-01-17 19:54:25 UTC</createdTime>
<ownerDesignName>Ejercio_1</ownerDesignName>
<engineerTo>
<item key="CA95AFBF-8A9E-EB72-B19E-18B8A5FBB9D6" value="true"/>
</engineerTo>
<nullsAllowed>true</nullsAllowed>
<useDomainConstraints>false</useDomainConstraints>
<use>1</use>
<logicalDatatype>LOGDT024</logicalDatatype>
<dataTypeSize>45</dataTypeSize>
<ownDataTypeParameters>45,,</ownDataTypeParameters>
</Attribute>
<Attribute name="matricula" id="28099501-3C03-5F5D-CF70-2669852A30F6">
<createdBy>danie</createdBy>
<createdTime>2026-01-18 20:47:53 UTC</createdTime>
<generatorID>51930A5F-2B9C-44C5-CE4A-F10300B46745</generatorID>
<ownerDesignName>Ejercio_1</ownerDesignName>
<engineerTo>
<item key="CA95AFBF-8A9E-EB72-B19E-18B8A5FBB9D6" value="true"/>
</engineerTo>
<referedAttribute>CF9245FD-F181-6118-18F1-03797F2FAB3A</referedAttribute>
<useDomainConstraints>false</useDomainConstraints>
<use>1</use>
<logicalDatatype>LOGDT019</logicalDatatype>
<dataTypePrecision>6</dataTypePrecision>
<ownDataTypeParameters>,6,</ownDataTypeParameters>
</Attribute>
</attributes>
<identifiers itemClass="oracle.dbtools.crest.model.design.logical.CandidateKey">
<identifier id="527333F9-7FE1-EEFE-3EC9-806BCE5339D0" name="VUELO PK">
<createdBy>danie</createdBy>
<createdTime>2026-01-10 16:35:17 UTC</createdTime>
<ownerDesignName>Ejercio_1</ownerDesignName>
<engineerTo>
<item key="CA95AFBF-8A9E-EB72-B19E-18B8A5FBB9D6" value="true"/>
</engineerTo>
<pk>true</pk>
<usedAttributes>
<attributeRef>37BAB3DC-9A01-1A98-6172-9D0FAD1298C6</attributeRef>
</usedAttributes>
</identifier>
</identifiers>
</Entity>