<?xml version = '1.0' encoding = 'UTF-8'?>
<FKIndexAssociation class="oracle.dbtools.crest.model.design.relational.FKIndexAssociation" directorySegmentName="seg_0" id="078C7DBB-8265-5CEF-8E55-1A5195B17EAD" containerWithKeyObject="B5852574-7C19-407E-515F-B9CA7C612F5E" localFKIndex="4831CDEE-0808-5E49-DBB0-80B9A543BE5D" name="PERSONA_NATURAL_PROVEEDOR_FK">
<createdBy>danie</createdBy>
<createdTime>2026-02-09 22:17:11 UTC</createdTime>
<generatorID>E06F9ED6-90AF-F884-B12E-1476A94445FD</generatorID>
<ownerDesignName>sumativa 2</ownerDesignName>
<referredTableLongName>PROVEEDOR</referredTableLongName>
<arc>414392ED-004A-E658-5CDB-1071F90700E0</arc>
<deleteRule>NO ACTION</deleteRule>
<referredTableID>11AB4979-46DE-2076-0FCA-99A9988870DE</referredTableID>
<keyObject>CCE1C9AC-E27E-C828-0432-7252B03DC707</keyObject>
<referredKeyID>CCE1C9AC-E27E-C828-0432-7252B03DC707</referredKeyID>
<mandatory>true</mandatory>
<refColNames>rut</refColNames>
<transferable>true</transferable>
<rely>false</rely>
<columnDependencyConstraintGenerateInDDL>true</columnDependencyConstraintGenerateInDDL>
</FKIndexAssociation>