<?xml version = '1.0' encoding = 'UTF-8'?>
<FKIndexAssociation class="oracle.dbtools.crest.model.design.relational.FKIndexAssociation" directorySegmentName="seg_0" id="326DEC41-E5B4-AFF2-76BB-913B10DCE272" containerWithKeyObject="51E5B5F5-EC90-6EB4-E45C-42C16A2A4722" localFKIndex="2D400AD9-0105-D19B-E60F-045E85A70AD9" name="BOLETA_SUCURSAL_FK">
<createdBy>danie</createdBy>
<createdTime>2026-02-09 22:17:11 UTC</createdTime>
<generatorID>18E5DE73-3E1F-33EA-359B-786B5C3C75E8</generatorID>
<ownerDesignName>sumativa 2</ownerDesignName>
<referredTableLongName>SUCURSAL</referredTableLongName>
<deleteRule>NO ACTION</deleteRule>
<referredTableID>0491C607-1B84-440D-0425-AB53E0EC4048</referredTableID>
<keyObject>F0534BDD-57FD-CF6E-3E46-DECE087AF8A3</keyObject>
<referredKeyID>F0534BDD-57FD-CF6E-3E46-DECE087AF8A3</referredKeyID>
<mandatory>true</mandatory>
<refColNames>sigla</refColNames>
<transferable>true</transferable>
<rely>false</rely>
<columnDependencyConstraintGenerateInDDL>true</columnDependencyConstraintGenerateInDDL>
</FKIndexAssociation>