<?xml version = '1.0' encoding = 'UTF-8'?>
<FKIndexAssociation class="oracle.dbtools.crest.model.design.relational.FKIndexAssociation" directorySegmentName="seg_0" id="3D4D5771-A659-106D-9693-CE33B01025A8" containerWithKeyObject="C4494DE0-BF83-2723-7813-21210671E89B" localFKIndex="42F556AA-6A8A-E6B0-19D8-BB5BA40B8217" name="CLIENTE_COMUNA_FK">
<createdBy>danie</createdBy>
<createdTime>2026-02-09 22:17:11 UTC</createdTime>
<generatorID>8940CDA0-9FCB-3ABD-5940-2E4DA9E89FA2</generatorID>
<ownerDesignName>sumativa 2</ownerDesignName>
<referredTableLongName>COMUNA</referredTableLongName>
<deleteRule>NO ACTION</deleteRule>
<referredTableID>30E8C5C0-4A63-7936-ADBB-E61E70856E0A</referredTableID>
<keyObject>7014037B-26C9-3EF1-8C60-A7F1554C64DE</keyObject>
<referredKeyID>7014037B-26C9-3EF1-8C60-A7F1554C64DE</referredKeyID>
<mandatory>false</mandatory>
<refColNames>cod_comuna</refColNames>
<transferable>false</transferable>
<rely>false</rely>
<columnDependencyConstraintGenerateInDDL>true</columnDependencyConstraintGenerateInDDL>
</FKIndexAssociation>