<?xml version = '1.0' encoding = 'UTF-8'?>
<FKIndexAssociation class="oracle.dbtools.crest.model.design.relational.FKIndexAssociation" directorySegmentName="seg_0" id="7A77C10D-09B4-C11B-53ED-6C75AE6D0D35" containerWithKeyObject="61F56DAD-601D-72FF-0B2D-5ED6038FCD14" localFKIndex="298C7F29-FC10-2E12-3B5D-AEBA744533E9" name="MODELO_PRODUCTO_FK">
<createdBy>danie</createdBy>
<createdTime>2026-02-09 22:17:11 UTC</createdTime>
<generatorID>22DF369C-D5AE-B653-EADA-94E52938C38D</generatorID>
<ownerDesignName>sumativa 2</ownerDesignName>
<referredTableLongName>PRODUCTO</referredTableLongName>
<deleteRule>NO ACTION</deleteRule>
<referredTableID>DCCA8C95-9164-A811-1D37-CD4DB2FB5DF6</referredTableID>
<keyObject>2428FAFD-CC19-1A7B-4E62-4CAC0718602A</keyObject>
<referredKeyID>2428FAFD-CC19-1A7B-4E62-4CAC0718602A</referredKeyID>
<mandatory>true</mandatory>
<refColNames>id_producto,MARCA_nombre_marca</refColNames>
<transferable>false</transferable>
<rely>false</rely>
<columnDependencyConstraintGenerateInDDL>true</columnDependencyConstraintGenerateInDDL>
</FKIndexAssociation>