<?xml version = '1.0' encoding = 'UTF-8'?>
<FKIndexAssociation class="oracle.dbtools.crest.model.design.relational.FKIndexAssociation" directorySegmentName="seg_0" id="96F861C2-A0A6-3464-BE94-BBA013059898" containerWithKeyObject="11AB4979-46DE-2076-0FCA-99A9988870DE" localFKIndex="82779AFB-44D0-62FE-F282-0D0F75C98209" name="PROVEEDOR_COMUNA_FK">
<createdBy>danie</createdBy>
<createdTime>2026-02-09 22:17:11 UTC</createdTime>
<generatorID>504C4BE9-2FF7-4EE2-97BF-DEAEE4392698</generatorID>
<ownerDesignName>sumativa 2</ownerDesignName>
<referredTableLongName>COMUNA</referredTableLongName>
<deleteRule>NO ACTION</deleteRule>
<referredTableID>30E8C5C0-4A63-7936-ADBB-E61E70856E0A</referredTableID>
<keyObject>7014037B-26C9-3EF1-8C60-A7F1554C64DE</keyObject>
<referredKeyID>7014037B-26C9-3EF1-8C60-A7F1554C64DE</referredKeyID>
<mandatory>false</mandatory>
<refColNames>cod_comuna</refColNames>
<transferable>true</transferable>
<rely>false</rely>
<columnDependencyConstraintGenerateInDDL>true</columnDependencyConstraintGenerateInDDL>
</FKIndexAssociation>