<?xml version = '1.0' encoding = 'UTF-8'?>
<FKIndexAssociation class="oracle.dbtools.crest.model.design.relational.FKIndexAssociation" directorySegmentName="seg_0" id="ABA5D96B-A5EB-78E5-94A4-09E9A8153F3F" containerWithKeyObject="51E5B5F5-EC90-6EB4-E45C-42C16A2A4722" localFKIndex="F67B678A-9363-5475-FF90-C91FB8AB13FA" name="BOLETA_CLIENTE_FK">
<createdBy>danie</createdBy>
<createdTime>2026-02-09 22:17:11 UTC</createdTime>
<generatorID>106CC66A-C129-D42F-EF13-DB9B5B812222</generatorID>
<ownerDesignName>sumativa 2</ownerDesignName>
<referredTableLongName>CLIENTE</referredTableLongName>
<deleteRule>NO ACTION</deleteRule>
<referredTableID>C4494DE0-BF83-2723-7813-21210671E89B</referredTableID>
<keyObject>F12FC077-BE72-BA7B-CB32-8FCD2F4BDE74</keyObject>
<referredKeyID>F12FC077-BE72-BA7B-CB32-8FCD2F4BDE74</referredKeyID>
<mandatory>true</mandatory>
<refColNames>id_cliente</refColNames>
<transferable>false</transferable>
<rely>false</rely>
<columnDependencyConstraintGenerateInDDL>true</columnDependencyConstraintGenerateInDDL>
</FKIndexAssociation>