<?xml version = '1.0' encoding = 'UTF-8'?>
<FKIndexAssociation class="oracle.dbtools.crest.model.design.relational.FKIndexAssociation" directorySegmentName="seg_0" id="B56CDBE4-F5A3-F4DB-3770-A0446ECDE834" containerWithKeyObject="30E8C5C0-4A63-7936-ADBB-E61E70856E0A" localFKIndex="1F9750AC-1EB9-6A3D-A19D-6E2D2F1A93C0" name="COMUNA_REGION_FK">
<createdBy>danie</createdBy>
<createdTime>2026-02-09 22:17:11 UTC</createdTime>
<generatorID>AD942125-0D4E-A8DC-4004-C0B490FD6F1A</generatorID>
<ownerDesignName>sumativa 2</ownerDesignName>
<referredTableLongName>REGION</referredTableLongName>
<deleteRule>NO ACTION</deleteRule>
<referredTableID>C8593EEC-0FCB-9A2D-03C8-3ABBA3EBC789</referredTableID>
<keyObject>B6AB7E39-D178-10F9-952C-1C3B7FC54DA7</keyObject>
<referredKeyID>B6AB7E39-D178-10F9-952C-1C3B7FC54DA7</referredKeyID>
<mandatory>true</mandatory>
<refColNames>id_region</refColNames>
<transferable>false</transferable>
<rely>false</rely>
<columnDependencyConstraintGenerateInDDL>true</columnDependencyConstraintGenerateInDDL>
</FKIndexAssociation>