<?xml version = '1.0' encoding = 'UTF-8'?>
<FKIndexAssociation class="oracle.dbtools.crest.model.design.relational.FKIndexAssociation" directorySegmentName="seg_0" id="BEF77392-CFFC-9D50-6410-C58BAFE445C2" containerWithKeyObject="0491C607-1B84-440D-0425-AB53E0EC4048" localFKIndex="133D9E34-FBD3-1BE0-A2D2-F2BD05654EFB" name="SUCURSAL_COMUNA_FK">
<createdBy>danie</createdBy>
<createdTime>2026-02-09 22:17:11 UTC</createdTime>
<generatorID>3C9CDAAD-65FD-B449-B255-1345EF58FC25</generatorID>
<ownerDesignName>sumativa 2</ownerDesignName>
<referredTableLongName>COMUNA</referredTableLongName>
<deleteRule>NO ACTION</deleteRule>
<referredTableID>30E8C5C0-4A63-7936-ADBB-E61E70856E0A</referredTableID>
<keyObject>7014037B-26C9-3EF1-8C60-A7F1554C64DE</keyObject>
<referredKeyID>7014037B-26C9-3EF1-8C60-A7F1554C64DE</referredKeyID>
<mandatory>false</mandatory>
<refColNames>cod_comuna</refColNames>
<transferable>false</transferable>
<rely>false</rely>
<columnDependencyConstraintGenerateInDDL>true</columnDependencyConstraintGenerateInDDL>
</FKIndexAssociation>