<?xml version = '1.0' encoding = 'UTF-8'?>
<FKIndexAssociation class="oracle.dbtools.crest.model.design.relational.FKIndexAssociation" directorySegmentName="seg_0" id="EE52C735-47BE-D906-7841-1BD8DD5ABDF5" containerWithKeyObject="DCCA8C95-9164-A811-1D37-CD4DB2FB5DF6" localFKIndex="AA9B3616-76D8-2329-94BE-714608D154C0" name="PRODUCTO_MARCA_FK">
<createdBy>danie</createdBy>
<createdTime>2026-02-09 22:17:11 UTC</createdTime>
<generatorID>61D9F634-8660-9B23-479D-2441D24CC711</generatorID>
<ownerDesignName>sumativa 2</ownerDesignName>
<referredTableLongName>MARCA</referredTableLongName>
<deleteRule>NO ACTION</deleteRule>
<referredTableID>A82CE21B-3804-98B8-9854-AA5FD673E91E</referredTableID>
<keyObject>BC323FE3-CC29-B951-BD91-4B387DA8412C</keyObject>
<referredKeyID>BC323FE3-CC29-B951-BD91-4B387DA8412C</referredKeyID>
<mandatory>true</mandatory>
<refColNames>nombre_marca</refColNames>
<transferable>false</transferable>
<rely>false</rely>
<columnDependencyConstraintGenerateInDDL>true</columnDependencyConstraintGenerateInDDL>
</FKIndexAssociation>