<?xml version = '1.0' encoding = 'UTF-8'?>
<FKIndexAssociation class="oracle.dbtools.crest.model.design.relational.FKIndexAssociation" directorySegmentName="seg_0" id="F028A44B-E5F7-D598-8D25-7F15B5329461" containerWithKeyObject="5382C78F-4B95-D547-33C7-358FFC486036" localFKIndex="2830F06B-A482-1367-BA62-3FA79A1BAC7D" name="EMPRESA_PROVEEDOR_FK">
<createdBy>danie</createdBy>
<createdTime>2026-02-09 22:17:11 UTC</createdTime>
<generatorID>320FFCBB-8D8A-DD05-245A-8EEB3A2360B2</generatorID>
<ownerDesignName>sumativa 2</ownerDesignName>
<referredTableLongName>PROVEEDOR</referredTableLongName>
<arc>414392ED-004A-E658-5CDB-1071F90700E0</arc>
<deleteRule>NO ACTION</deleteRule>
<referredTableID>11AB4979-46DE-2076-0FCA-99A9988870DE</referredTableID>
<keyObject>CCE1C9AC-E27E-C828-0432-7252B03DC707</keyObject>
<referredKeyID>CCE1C9AC-E27E-C828-0432-7252B03DC707</referredKeyID>
<mandatory>true</mandatory>
<refColNames>rut</refColNames>
<transferable>true</transferable>
<rely>false</rely>
<columnDependencyConstraintGenerateInDDL>true</columnDependencyConstraintGenerateInDDL>
</FKIndexAssociation>