<?xml version = '1.0' encoding = 'UTF-8'?>
<FKIndexAssociation class="oracle.dbtools.crest.model.design.relational.FKIndexAssociation" directorySegmentName="seg_0" id="F89274A3-57FA-A87E-3173-B81FFA9DA5FC" containerWithKeyObject="3BC342A8-7BF4-C2E6-A4A0-504786530F5E" localFKIndex="20726CAE-67EA-92D3-047D-9DB71CC41190" name="DETALLE_BOLETA_BOLETA_FK">
<createdBy>danie</createdBy>
<createdTime>2026-02-09 22:17:11 UTC</createdTime>
<generatorID>26A9B737-B7E5-BC3F-31A0-8CD0B2A451B1</generatorID>
<ownerDesignName>sumativa 2</ownerDesignName>
<referredTableLongName>BOLETA</referredTableLongName>
<deleteRule>NO ACTION</deleteRule>
<referredTableID>51E5B5F5-EC90-6EB4-E45C-42C16A2A4722</referredTableID>
<keyObject>9C00AC25-D7C1-BDCF-687E-FBC377202E0D</keyObject>
<referredKeyID>9C00AC25-D7C1-BDCF-687E-FBC377202E0D</referredKeyID>
<mandatory>true</mandatory>
<refColNames>nro_boleta,SUCURSAL_sigla</refColNames>
<transferable>false</transferable>
<rely>false</rely>
<columnDependencyConstraintGenerateInDDL>true</columnDependencyConstraintGenerateInDDL>
</FKIndexAssociation>