<?xml version = '1.0' encoding = 'UTF-8'?>
<FKIndexAssociation class="oracle.dbtools.crest.model.design.relational.FKIndexAssociation" directorySegmentName="seg_0" id="F97FA156-BD2A-C71C-6F21-BAF04A938711" containerWithKeyObject="3BC342A8-7BF4-C2E6-A4A0-504786530F5E" localFKIndex="706B8834-6F43-16C5-CD2F-D8772FD254DF" name="DETALLE_BOLETA_MODELO_FK">
<createdBy>danie</createdBy>
<createdTime>2026-02-09 22:17:11 UTC</createdTime>
<generatorID>26A9B737-B7E5-BC3F-31A0-8CD0B2A451B1</generatorID>
<ownerDesignName>sumativa 2</ownerDesignName>
<referredTableLongName>MODELO</referredTableLongName>
<deleteRule>NO ACTION</deleteRule>
<referredTableID>61F56DAD-601D-72FF-0B2D-5ED6038FCD14</referredTableID>
<keyObject>1BE66EC3-4BB1-2F7B-C711-3B35D0A115B3</keyObject>
<referredKeyID>1BE66EC3-4BB1-2F7B-C711-3B35D0A115B3</referredKeyID>
<mandatory>true</mandatory>
<refColNames>id_modelo,PRODUCTO_MARCA_nombre_marca</refColNames>
<transferable>false</transferable>
<rely>false</rely>
<columnDependencyConstraintGenerateInDDL>true</columnDependencyConstraintGenerateInDDL>
</FKIndexAssociation>